id,species1,species2,species3,species4,species5,species6,species7,species8,species9,species10
sample_1,0.2,0.2,0.2,0,0,0,0,0,0,0
sample_2,0.2,0.2,0.2,0,0,0,0,0,0,0
sample_3,0.2,0.2,0.2,0,0,0,0,0,0,0
sample_4,0.2,0.2,0.2,0,0,0,0,0,0,0
sample_5,0.2,0.2,0.2,0,0,0,0,0,0,0
sample_6,0.2,0.2,0.2,0,0,0,0,0,0,0
sample_7,0.2,0.2,0.2,0,0,0,0,0,0,0
sample_8,0.2,0.2,0.2,0,0,0,0,0,0,0
sample_9,0.2,0.2,0.2,0,0,0,0,0,0,0
sample_10,0.2,0.2,0.2,0,0,0,0,0,0,0
sample_11,0.2,0.2,0.2,0,0,0,0,0,0,0
sample_12,0.2,0.2,0.2,0,0,0,0,0,0,0
sample_13,0.2,0.2,0.2,0,0,0,0,0,0,0
sample_14,0.2,0.2,0.2,0,0,0,0,0,0,0
sample_15,0.2,0.2,0.2,0,0,0,0,0,0,0
sample_16,0.2,0.2,0.2,0,0,0,0,0,0,0
sample_17,0.2,0.2,0.2,0,0,0,0,0,0,0
sample_18,0.2,0.2,0.2,0,0,0,0,0,0,0
sample_19,0.2,0.2,0.2,0,0,0,0,0,0,0
sample_20,0.2,0.2,0.2,0,0,0,0,0,0,0
sample_21,0.2,0.2,0.2,0,0,0,0,0,0,0
sample_22,0.2,0.2,0.2,0,0,0,0,0,0,0
sample_23,0.2,0.2,0.2,0,0,0,0,0,0,0
sample_24,0.2,0.2,0.2,0,0,0,0,0,0,0
sample_25,0.2,0.2,0.2,0,0,0,0,0,0,0
sample_26,0.2,0.2,0.2,0,0,0,0,0,0,0
sample_27,0.2,0.2,0.2,0,0,0,0,0,0,0
sample_28,0.2,0.2,0.2,0,0,0,0,0,0,0
sample_29,0.2,0.2,0.2,0,0,0,0,0,0,0
sample_30,0.2,0.2,0.2,0,0,0,0,0,0,0
sample_31,0.2,0.2,0.2,0,0,0,0,0,0,0
sample_32,0.2,0.2,0.2,0,0,0,0,0,0,0
sample_33,0.2,0.2,0.2,0,0,0,0,0,0,0
sample_34,0.2,0.2,0.2,0,0,0,0,0,0,0
sample_35,0.2,0.2,0.2,0,0,0,0,0,0,0
sample_36,0.2,0.2,0.2,0,0,0,0,0,0,0
sample_37,0.2,0.2,0.2,0,0,0,0,0,0,0
sample_38,0.2,0.2,0.2,0,0,0,0,0,0,0
sample_39,0.2,0.2,0.2,0,0,0,0,0,0,0
sample_40,0.2,0.2,0.2,0,0,0,0,0,0,0
sample_41,0.2,0.2,0.2,0,0,0,0,0,0,0
sample_42,0.2,0.2,0.2,0,0,0,0,0,0,0
sample_43,0.2,0.2,0.2,0,0,0,0,0,0,0
sample_44,0.2,0.2,0.2,0,0,0,0,0,0,0
sample_45,0.2,0.2,0.2,0,0,0,0,0,0,0
sample_46,0.2,0.2,0.2,0,0,0,0,0,0,0
sample_47,0.2,0.2,0.2,0,0,0,0,0,0,0
sample_48,0.2,0.2,0.2,0,0,0,0,0,0,0
sample_49,0.2,0.2,0.2,0,0,0,0,0,0,0
sample_50,0.2,0.2,0.2,0,0,0,0,0,0,0
sample_51,0.2,0.2,0.2,0,0,0,0,0,0,0
sample_52,0.2,0.2,0.2,0,0,0,0,0,0,0
sample_53,0.2,0.2,0.2,0,0,0,0,0,0,0
sample_54,0.2,0.2,0.2,0,0,0,0,0,0,0
sample_55,0.2,0.2,0.2,0,0,0,0,0,0,0
sample_56,0.2,0.2,0.2,0,0,0,0,0,0,0
sample_57,0.2,0.2,0.2,0,0,0,0,0,0,0
sample_58,0.2,0.2,0.2,0,0,0,0,0,0,0
sample_59,0.2,0.2,0.2,0,0,0,0,0,0,0
sample_60,0.2,0.2,0.2,0,0,0,0,0,0,0
sample_61,0.2,0.2,0.2,0,0,0,0,0,0,0
sample_62,0.2,0.2,0.2,0,0,0,0,0,0,0
sample_63,0.2,0.2,0.2,0,0,0,0,0,0,0
sample_64,0.2,0.2,0.2,0,0,0,0,0,0,0
sample_65,0.2,0.2,0.2,0,0,0,0,0,0,0
sample_66,0.2,0.2,0.2,0,0,0,0,0,0,0
sample_67,0.2,0.2,0.2,0,0,0,0,0,0,0
sample_68,0.2,0.2,0.2,0,0,0,0,0,0,0
sample_69,0.2,0.2,0.2,0,0,0,0,0,0,0
sample_70,0.2,0.2,0.2,0,0,0,0,0,0,0
sample_71,0.2,0.2,0.2,0,0,0,0,0,0,0
sample_72,0.2,0.2,0.2,0,0,0,0,0,0,0
sample_73,0.2,0.2,0.2,0,0,0,0,0,0,0
sample_74,0.2,0.2,0.2,0,0,0,0,0,0,0
sample_75,0.2,0.2,0.2,0,0,0,0,0,0,0
sample_76,0.2,0.2,0.2,0,0,0,0,0,0,0
sample_77,0.2,0.2,0.2,0,0,0,0,0,0,0
sample_78,0.2,0.2,0.2,0,0,0,0,0,0,0
sample_79,0.2,0.2,0.2,0,0,0,0,0,0,0
sample_80,0.2,0.2,0.2,0,0,0,0,0,0,0
sample_81,0.2,0.2,0.2,0,0,0,0,0,0,0
sample_82,0.2,0.2,0.2,0,0,0,0,0,0,0
sample_83,0.2,0.2,0.2,0,0,0,0,0,0,0
sample_84,0.2,0.2,0.2,0,0,0,0,0,0,0
sample_85,0.2,0.2,0.2,0,0,0,0,0,0,0
sample_86,0.2,0.2,0.2,0,0,0,0,0,0,0
sample_87,0.2,0.2,0.2,0,0,0,0,0,0,0
sample_88,0.2,0.2,0.2,0,0,0,0,0,0,0
sample_89,0.2,0.2,0.2,0,0,0,0,0,0,0
sample_90,0.2,0.2,0.2,0,0,0,0,0,0,0
sample_91,0.2,0.2,0.2,0,0,0,0,0,0,0
sample_92,0.2,0.2,0.2,0,0,0,0,0,0,0
sample_93,0.2,0.2,0.2,0,0,0,0,0,0,0
sample_94,0.2,0.2,0.2,0,0,0,0,0,0,0
sample_95,0.2,0.2,0.2,0,0,0,0,0,0,0
sample_96,0.2,0.2,0.2,0,0,0,0,0,0,0
sample_97,0.2,0.2,0.2,0,0,0,0,0,0,0
sample_98,0.2,0.2,0.2,0,0,0,0,0,0,0
sample_99,0.2,0.2,0.2,0,0,0,0,0,0,0
sample_100,0.2,0.2,0.2,0,0,0,0,0,0,0
sample_101,0.2,0.2,0.2,0,0,0,0,0,0,0
sample_102,0.2,0.2,0.2,0,0,0,0,0,0,0
sample_103,0.2,0.2,0.2,0,0,0,0,0,0,0
sample_104,0.2,0.2,0.2,0,0,0,0,0,0,0
sample_105,0.2,0.2,0.2,0,0,0,0,0,0,0
sample_106,0.2,0.2,0.2,0,0,0,0,0,0,0
sample_107,0.2,0.2,0.2,0,0,0,0,0,0,0
sample_108,0.2,0.2,0.2,0,0,0,0,0,0,0
sample_109,0.2,0.2,0.2,0,0,0,0,0,0,0
sample_110,0.2,0.2,0.2,0,0,0,0,0,0,0
sample_111,0.2,0.2,0.2,0,0,0,0,0,0,0
sample_112,0.2,0.2,0.2,0,0,0,0,0,0,0
sample_113,0.2,0.2,0.2,0,0,0,0,0,0,0
sample_114,0.2,0.2,0.2,0,0,0,0,0,0,0
sample_115,0.2,0.2,0.2,0,0,0,0,0,0,0
sample_116,0.2,0.2,0.2,0,0,0,0,0,0,0
sample_117,0.2,0.2,0.2,0,0,0,0,0,0,0
sample_118,0.2,0.2,0.2,0,0,0,0,0,0,0
sample_119,0.2,0.2,0.2,0,0,0,0,0,0,0
sample_120,0.2,0.2,0.2,0,0,0,0,0,0,0
sample_121,0.2,0.2,0.2,0,0,0,0,0,0,0
sample_122,0.2,0.2,0.2,0,0,0,0,0,0,0
sample_123,0.2,0.2,0.2,0,0,0,0,0,0,0
sample_124,0.2,0.2,0.2,0,0,0,0,0,0,0
sample_125,0.2,0.2,0.2,0,0,0,0,0,0,0
sample_126,0.2,0.2,0.2,0,0,0,0,0,0,0
sample_127,0.2,0.2,0.2,0,0,0,0,0,0,0
sample_128,0.2,0.2,0.2,0,0,0,0,0,0,0
sample_129,0.2,0.2,0.2,0,0,0,0,0,0,0
sample_130,0.2,0.2,0.2,0,0,0,0,0,0,0
sample_131,0.2,0.2,0.2,0,0,0,0,0,0,0
sample_132,0.2,0.2,0.2,0,0,0,0,0,0,0
sample_133,0.2,0.2,0.2,0,0,0,0,0,0,0
sample_134,0.2,0.2,0.2,0,0,0,0,0,0,0
sample_135,0.2,0.2,0.2,0,0,0,0,0,0,0
sample_136,0.2,0.2,0.2,0,0,0,0,0,0,0
sample_137,0.2,0.2,0.2,0,0,0,0,0,0,0
sample_138,0.2,0.2,0.2,0,0,0,0,0,0,0
sample_139,0.2,0.2,0.2,0,0,0,0,0,0,0
sample_140,0.2,0.2,0.2,0,0,0,0,0,0,0
sample_141,0.2,0.2,0.2,0,0,0,0,0,0,0
sample_142,0.2,0.2,0.2,0,0,0,0,0,0,0
sample_143,0.2,0.2,0.2,0,0,0,0,0,0,0
sample_144,0.2,0.2,0.2,0,0,0,0,0,0,0
sample_145,0.2,0.2,0.2,0,0,0,0,0,0,0
sample_146,0.2,0.2,0.2,0,0,0,0,0,0,0
sample_147,0.2,0.2,0.2,0,0,0,0,0,0,0
sample_148,0.2,0.2,0.2,0,0,0,0,0,0,0
sample_149,0.2,0.2,0.2,0,0,0,0,0,0,0
sample_150,0.2,0.2,0.2,0,0,0,0,0,0,0
sample_151,0.2,0.2,0.2,0,0,0,0,0,0,0
sample_152,0.2,0.2,0.2,0,0,0,0,0,0,0
sample_153,0.2,0.2,0.2,0,0,0,0,0,0,0
sample_154,0.2,0.2,0.2,0,0,0,0,0,0,0
sample_155,0.2,0.2,0.2,0,0,0,0,0,0,0
sample_156,0.2,0.2,0.2,0,0,0,0,0,0,0
sample_157,0.2,0.2,0.2,0,0,0,0,0,0,0
sample_158,0.2,0.2,0.2,0,0,0,0,0,0,0
sample_159,0.2,0.2,0.2,0,0,0,0,0,0,0
sample_160,0.2,0.2,0.2,0,0,0,0,0,0,0
sample_161,0.2,0.2,0.2,0,0,0,0,0,0,0
sample_162,0.2,0.2,0.2,0,0,0,0,0,0,0
sample_163,0.2,0.2,0.2,0,0,0,0,0,0,0
sample_164,0.2,0.2,0.2,0,0,0,0,0,0,0
sample_165,0.2,0.2,0.2,0,0,0,0,0,0,0
sample_166,0.2,0.2,0.2,0,0,0,0,0,0,0
sample_167,0.2,0.2,0.2,0,0,0,0,0,0,0
sample_168,0.2,0.2,0.2,0,0,0,0,0,0,0
sample_169,0.2,0.2,0.2,0,0,0,0,0,0,0
sample_170,0.2,0.2,0.2,0,0,0,0,0,0,0
sample_171,0.2,0.2,0.2,0,0,0,0,0,0,0
sample_172,0.2,0.2,0.2,0,0,0,0,0,0,0
sample_173,0.2,0.2,0.2,0,0,0,0,0,0,0
sample_174,0.2,0.2,0.2,0,0,0,0,0,0,0
sample_175,0.2,0.2,0.2,0,0,0,0,0,0,0
sample_176,0.2,0.2,0.2,0,0,0,0,0,0,0
sample_177,0.2,0.2,0.2,0,0,0,0,0,0,0
sample_178,0.2,0.2,0.2,0,0,0,0,0,0,0
sample_179,0.2,0.2,0.2,0,0,0,0,0,0,0
sample_180,0.2,0.2,0.2,0,0,0,0,0,0,0
sample_181,0.2,0.2,0.2,0,0,0,0,0,0,0
sample_182,0.2,0.2,0.2,0,0,0,0,0,0,0
sample_183,0.2,0.2,0.2,0,0,0,0,0,0,0
sample_184,0.2,0.2,0.2,0,0,0,0,0,0,0
sample_185,0.2,0.2,0.2,0,0,0,0,0,0,0
sample_186,0.2,0.2,0.2,0,0,0,0,0,0,0
sample_187,0.2,0.2,0.2,0,0,0,0,0,0,0
sample_188,0.2,0.2,0.2,0,0,0,0,0,0,0
sample_189,0.2,0.2,0.2,0,0,0,0,0,0,0
sample_190,0.2,0.2,0.2,0,0,0,0,0,0,0
sample_191,0.2,0.2,0.2,0,0,0,0,0,0,0
sample_192,0.2,0.2,0.2,0,0,0,0,0,0,0
sample_193,0.2,0.2,0.2,0,0,0,0,0,0,0
sample_194,0.2,0.2,0.2,0,0,0,0,0,0,0
sample_195,0.2,0.2,0.2,0,0,0,0,0,0,0
sample_196,0.2,0.2,0.2,0,0,0,0,0,0,0
sample_197,0.2,0.2,0.2,0,0,0,0,0,0,0
sample_198,0.2,0.2,0.2,0,0,0,0,0,0,0
sample_199,0.2,0.2,0.2,0,0,0,0,0,0,0
sample_200,0.2,0.2,0.2,0,0,0,0,0,0,0
sample_201,0.2,0.2,0.2,0,0,0,0,0,0,0
sample_202,0.2,0.2,0.2,0,0,0,0,0,0,0
sample_203,0.2,0.2,0.2,0,0,0,0,0,0,0
sample_204,0.2,0.2,0.2,0,0,0,0,0,0,0
sample_205,0.2,0.2,0.2,0,0,0,0,0,0,0
sample_206,0.2,0.2,0.2,0,0,0,0,0,0,0
sample_207,0.2,0.2,0.2,0,0,0,0,0,0,0
sample_208,0.2,0.2,0.2,0,0,0,0,0,0,0
sample_209,0.2,0.2,0.2,0,0,0,0,0,0,0
sample_210,0.2,0.2,0.2,0,0,0,0,0,0,0
sample_211,0.2,0.2,0.2,0,0,0,0,0,0,0
sample_212,0.2,0.2,0.2,0,0,0,0,0,0,0
sample_213,0.2,0.2,0.2,0,0,0,0,0,0,0
sample_214,0.2,0.2,0.2,0,0,0,0,0,0,0
sample_215,0.2,0.2,0.2,0,0,0,0,0,0,0
sample_216,0.2,0.2,0.2,0,0,0,0,0,0,0
sample_217,0.2,0.2,0.2,0,0,0,0,0,0,0
sample_218,0.2,0.2,0.2,0,0,0,0,0,0,0
sample_219,0.2,0.2,0.2,0,0,0,0,0,0,0
sample_220,0.2,0.2,0.2,0,0,0,0,0,0,0
sample_221,0.2,0.2,0.2,0,0,0,0,0,0,0
sample_222,0.2,0.2,0.2,0,0,0,0,0,0,0
sample_223,0.2,0.2,0.2,0,0,0,0,0,0,0
sample_224,0.2,0.2,0.2,0,0,0,0,0,0,0
sample_225,0.2,0.2,0.2,0,0,0,0,0,0,0
sample_226,0.2,0.2,0.2,0,0,0,0,0,0,0
sample_227,0.2,0.2,0.2,0,0,0,0,0,0,0
sample_228,0.2,0.2,0.2,0,0,0,0,0,0,0
sample_229,0.2,0.2,0.2,0,0,0,0,0,0,0
sample_230,0.2,0.2,0.2,0,0,0,0,0,0,0
sample_231,0.2,0.2,0.2,0,0,0,0,0,0,0
sample_232,0.2,0.2,0.2,0,0,0,0,0,0,0
sample_233,0.2,0.2,0.2,0,0,0,0,0,0,0
sample_234,0.2,0.2,0.2,0,0,0,0,0,0,0
sample_235,0.2,0.2,0.2,0,0,0,0,0,0,0
sample_236,0.2,0.2,0.2,0,0,0,0,0,0,0
sample_237,0.2,0.2,0.2,0,0,0,0,0,0,0
sample_238,0.2,0.2,0.2,0,0,0,0,0,0,0
sample_239,0.2,0.2,0.2,0,0,0,0,0,0,0
sample_240,0.2,0.2,0.2,0,0,0,0,0,0,0
sample_241,0.2,0.2,0.2,0,0,0,0,0,0,0
sample_242,0.2,0.2,0.2,0,0,0,0,0,0,0
sample_243,0.2,0.2,0.2,0,0,0,0,0,0,0
sample_244,0.2,0.2,0.2,0,0,0,0,0,0,0
sample_245,0.2,0.2,0.2,0,0,0,0,0,0,0
sample_246,0.2,0.2,0.2,0,0,0,0,0,0,0
sample_247,0.2,0.2,0.2,0,0,0,0,0,0,0
sample_248,0.2,0.2,0.2,0,0,0,0,0,0,0
sample_249,0.2,0.2,0.2,0,0,0,0,0,0,0
sample_250,0.2,0.2,0.2,0,0,0,0,0,0,0
sample_251,0.2,0.2,0.2,0,0,0,0,0,0,0
sample_252,0.2,0.2,0.2,0,0,0,0,0,0,0
sample_253,0.2,0.2,0.2,0,0,0,0,0,0,0
sample_254,0.2,0.2,0.2,0,0,0,0,0,0,0
sample_255,0.2,0.2,0.2,0,0,0,0,0,0,0
sample_256,0.2,0.2,0.2,0,0,0,0,0,0,0
sample_257,0.2,0.2,0.2,0,0,0,0,0,0,0
sample_258,0.2,0.2,0.2,0,0,0,0,0,0,0
sample_259,0.2,0.2,0.2,0,0,0,0,0,0,0
sample_260,0.2,0.2,0.2,0,0,0,0,0,0,0
sample_261,0.2,0.2,0.2,0,0,0,0,0,0,0
sample_262,0.2,0.2,0.2,0,0,0,0,0,0,0
sample_263,0.2,0.2,0.2,0,0,0,0,0,0,0
sample_264,0.2,0.2,0.2,0,0,0,0,0,0,0
sample_265,0.2,0.2,0.2,0,0,0,0,0,0,0
sample_266,0.2,0.2,0.2,0,0,0,0,0,0,0
sample_267,0.2,0.2,0.2,0,0,0,0,0,0,0
sample_268,0.2,0.2,0.2,0,0,0,0,0,0,0
sample_269,0.2,0.2,0.2,0,0,0,0,0,0,0
sample_270,0.2,0.2,0.2,0,0,0,0,0,0,0
sample_271,0.2,0.2,0.2,0,0,0,0,0,0,0
sample_272,0.2,0.2,0.2,0,0,0,0,0,0,0
sample_273,0.2,0.2,0.2,0,0,0,0,0,0,0
sample_274,0.2,0.2,0.2,0,0,0,0,0,0,0
sample_275,0.2,0.2,0.2,0,0,0,0,0,0,0
sample_276,0.2,0.2,0.2,0,0,0,0,0,0,0
sample_277,0.2,0.2,0.2,0,0,0,0,0,0,0
sample_278,0.2,0.2,0.2,0,0,0,0,0,0,0
sample_279,0.2,0.2,0.2,0,0,0,0,0,0,0
sample_280,0.2,0.2,0.2,0,0,0,0,0,0,0
sample_281,0.2,0.2,0.2,0,0,0,0,0,0,0
sample_282,0.2,0.2,0.2,0,0,0,0,0,0,0
sample_283,0.2,0.2,0.2,0,0,0,0,0,0,0
sample_284,0.2,0.2,0.2,0,0,0,0,0,0,0
sample_285,0.2,0.2,0.2,0,0,0,0,0,0,0
sample_286,0.2,0.2,0.2,0,0,0,0,0,0,0
sample_287,0.2,0.2,0.2,0,0,0,0,0,0,0
sample_288,0.2,0.2,0.2,0,0,0,0,0,0,0
sample_289,0.2,0.2,0.2,0,0,0,0,0,0,0
sample_290,0.2,0.2,0.2,0,0,0,0,0,0,0
sample_291,0.2,0.2,0.2,0,0,0,0,0,0,0
sample_292,0.2,0.2,0.2,0,0,0,0,0,0,0
sample_293,0.2,0.2,0.2,0,0,0,0,0,0,0
sample_294,0.2,0.2,0.2,0,0,0,0,0,0,0
sample_295,0.2,0.2,0.2,0,0,0,0,0,0,0
sample_296,0.2,0.2,0.2,0,0,0,0,0,0,0
sample_297,0.2,0.2,0.2,0,0,0,0,0,0,0
sample_298,0.2,0.2,0.2,0,0,0,0,0,0,0
sample_299,0.2,0.2,0.2,0,0,0,0,0,0,0
sample_300,0.2,0.2,0.2,0,0,0,0,0,0,0
sample_301,0.2,0.2,0.2,0,0,0,0,0,0,0
sample_302,0.2,0.2,0.2,0,0,0,0,0,0,0
sample_303,0.2,0.2,0.2,0,0,0,0,0,0,0
sample_304,0.2,0.2,0.2,0,0,0,0,0,0,0
sample_305,0.2,0.2,0.2,0,0,0,0,0,0,0
sample_306,0.2,0.2,0.2,0,0,0,0,0,0,0
sample_307,0.2,0.2,0.2,0,0,0,0,0,0,0
sample_308,0.2,0.2,0.2,0,0,0,0,0,0,0
sample_309,0.2,0.2,0.2,0,0,0,0,0,0,0
sample_310,0.2,0.2,0.2,0,0,0,0,0,0,0
sample_311,0.2,0.2,0.2,0,0,0,0,0,0,0
sample_312,0.2,0.2,0.2,0,0,0,0,0,0,0
sample_313,0.2,0.2,0.2,0,0,0,0,0,0,0
sample_314,0.2,0.2,0.2,0,0,0,0,0,0,0
sample_315,0.2,0.2,0.2,0,0,0,0,0,0,0
sample_316,0.2,0.2,0.2,0,0,0,0,0,0,0
sample_317,0.2,0.2,0.2,0,0,0,0,0,0,0
sample_318,0.2,0.2,0.2,0,0,0,0,0,0,0
sample_319,0.2,0.2,0.2,0,0,0,0,0,0,0
sample_320,0.2,0.2,0.2,0,0,0,0,0,0,0
sample_321,0.2,0.2,0.2,0,0,0,0,0,0,0
sample_322,0.2,0.2,0.2,0,0,0,0,0,0,0
sample_323,0.2,0.2,0.2,0,0,0,0,0,0,0
sample_324,0.2,0.2,0.2,0,0,0,0,0,0,0
sample_325,0.2,0.2,0.2,0,0,0,0,0,0,0
sample_326,0.2,0.2,0.2,0,0,0,0,0,0,0
sample_327,0.2,0.2,0.2,0,0,0,0,0,0,0
sample_328,0.2,0.2,0.2,0,0,0,0,0,0,0
sample_329,0.2,0.2,0.2,0,0,0,0,0,0,0
sample_330,0.2,0.2,0.2,0,0,0,0,0,0,0
sample_331,0.2,0.2,0.2,0,0,0,0,0,0,0
sample_332,0.2,0.2,0.2,0,0,0,0,0,0,0
sample_333,0.2,0.2,0.2,0,0,0,0,0,0,0
sample_334,0.2,0.2,0.2,0,0,0,0,0,0,0
sample_335,0.2,0.2,0.2,0,0,0,0,0,0,0
sample_336,0.2,0.2,0.2,0,0,0,0,0,0,0
sample_337,0.2,0.2,0.2,0,0,0,0,0,0,0
sample_338,0.2,0.2,0.2,0,0,0,0,0,0,0
sample_339,0.2,0.2,0.2,0,0,0,0,0,0,0
sample_340,0.2,0.2,0.2,0,0,0,0,0,0,0
sample_341,0.2,0.2,0.2,0,0,0,0,0,0,0
sample_342,0.2,0.2,0.2,0,0,0,0,0,0,0
sample_343,0.2,0.2,0.2,0,0,0,0,0,0,0
sample_344,0.2,0.2,0.2,0,0,0,0,0,0,0
sample_345,0.2,0.2,0.2,0,0,0,0,0,0,0
sample_346,0.2,0.2,0.2,0,0,0,0,0,0,0
sample_347,0.2,0.2,0.2,0,0,0,0,0,0,0
sample_348,0.2,0.2,0.2,0,0,0,0,0,0,0
sample_349,0.2,0.2,0.2,0,0,0,0,0,0,0
sample_350,0.2,0.2,0.2,0,0,0,0,0,0,0
sample_351,0.2,0.2,0.2,0,0,0,0,0,0,0
sample_352,0.2,0.2,0.2,0,0,0,0,0,0,0
sample_353,0.2,0.2,0.2,0,0,0,0,0,0,0
sample_354,0.2,0.2,0.2,0,0,0,0,0,0,0
sample_355,0.2,0.2,0.2,0,0,0,0,0,0,0
sample_356,0.2,0.2,0.2,0,0,0,0,0,0,0
sample_357,0.2,0.2,0.2,0,0,0,0,0,0,0
sample_358,0.2,0.2,0.2,0,0,0,0,0,0,0
sample_359,0.2,0.2,0.2,0,0,0,0,0,0,0
sample_360,0.2,0.2,0.2,0,0,0,0,0,0,0
sample_361,0.2,0.2,0.2,0,0,0,0,0,0,0
sample_362,0.2,0.2,0.2,0,0,0,0,0,0,0
sample_363,0.2,0.2,0.2,0,0,0,0,0,0,0
sample_364,0.2,0.2,0.2,0,0,0,0,0,0,0
sample_365,0.2,0.2,0.2,0,0,0,0,0,0,0
sample_366,0.2,0.2,0.2,0,0,0,0,0,0,0
sample_367,0.2,0.2,0.2,0,0,0,0,0,0,0
sample_368,0.2,0.2,0.2,0,0,0,0,0,0,0
sample_369,0.2,0.2,0.2,0,0,0,0,0,0,0
sample_370,0.2,0.2,0.2,0,0,0,0,0,0,0
sample_371,0.2,0.2,0.2,0,0,0,0,0,0,0
sample_372,0.2,0.2,0.2,0,0,0,0,0,0,0
sample_373,0.2,0.2,0.2,0,0,0,0,0,0,0
sample_374,0.2,0.2,0.2,0,0,0,0,0,0,0
sample_375,0.2,0.2,0.2,0,0,0,0,0,0,0
sample_376,0.2,0.2,0.2,0,0,0,0,0,0,0
sample_377,0.2,0.2,0.2,0,0,0,0,0,0,0
sample_378,0.2,0.2,0.2,0,0,0,0,0,0,0
sample_379,0.2,0.2,0.2,0,0,0,0,0,0,0
sample_380,0.2,0.2,0.2,0,0,0,0,0,0,0
sample_381,0.2,0.2,0.2,0,0,0,0,0,0,0
sample_382,0.2,0.2,0.2,0,0,0,0,0,0,0
sample_383,0.2,0.2,0.2,0,0,0,0,0,0,0
sample_384,0.2,0.2,0.2,0,0,0,0,0,0,0
sample_385,0.2,0.2,0.2,0,0,0,0,0,0,0
sample_386,0.2,0.2,0.2,0,0,0,0,0,0,0
sample_387,0.2,0.2,0.2,0,0,0,0,0,0,0
sample_388,0.2,0.2,0.2,0,0,0,0,0,0,0
sample_389,0.2,0.2,0.2,0,0,0,0,0,0,0
sample_390,0.2,0.2,0.2,0,0,0,0,0,0,0
sample_391,0.2,0.2,0.2,0,0,0,0,0,0,0
sample_392,0.2,0.2,0.2,0,0,0,0,0,0,0
sample_393,0.2,0.2,0.2,0,0,0,0,0,0,0
sample_394,0.2,0.2,0.2,0,0,0,0,0,0,0
sample_395,0.2,0.2,0.2,0,0,0,0,0,0,0
sample_396,0.2,0.2,0.2,0,0,0,0,0,0,0
sample_397,0.2,0.2,0.2,0,0,0,0,0,0,0
sample_398,0.2,0.2,0.2,0,0,0,0,0,0,0
sample_399,0.2,0.2,0.2,0,0,0,0,0,0,0
sample_400,0.2,0.2,0.2,0,0,0,0,0,0,0
sample_401,0.2,0.2,0.2,0,0,0,0,0,0,0
sample_402,0.2,0.2,0.2,0,0,0,0,0,0,0
sample_403,0.2,0.2,0.2,0,0,0,0,0,0,0
sample_404,0.2,0.2,0.2,0,0,0,0,0,0,0
sample_405,0.2,0.2,0.2,0,0,0,0,0,0,0
sample_406,0.2,0.2,0.2,0,0,0,0,0,0,0
sample_407,0.2,0.2,0.2,0,0,0,0,0,0,0
sample_408,0.2,0.2,0.2,0,0,0,0,0,0,0
sample_409,0.2,0.2,0.2,0,0,0,0,0,0,0
sample_410,0.2,0.2,0.2,0,0,0,0,0,0,0
sample_411,0.2,0.2,0.2,0,0,0,0,0,0,0
sample_412,0.2,0.2,0.2,0,0,0,0,0,0,0
sample_413,0.2,0.2,0.2,0,0,0,0,0,0,0
sample_414,0.2,0.2,0.2,0,0,0,0,0,0,0
sample_415,0.2,0.2,0.2,0,0,0,0,0,0,0
sample_416,0.2,0.2,0.2,0,0,0,0,0,0,0
sample_417,0.2,0.2,0.2,0,0,0,0,0,0,0
sample_418,0.2,0.2,0.2,0,0,0,0,0,0,0
sample_419,0.2,0.2,0.2,0,0,0,0,0,0,0
sample_420,0.2,0.2,0.2,0,0,0,0,0,0,0
sample_421,0.2,0.2,0.2,0,0,0,0,0,0,0
sample_422,0.2,0.2,0.2,0,0,0,0,0,0,0
sample_423,0.2,0.2,0.2,0,0,0,0,0,0,0
sample_424,0.2,0.2,0.2,0,0,0,0,0,0,0
sample_425,0.2,0.2,0.2,0,0,0,0,0,0,0
sample_426,0.2,0.2,0.2,0,0,0,0,0,0,0
sample_427,0.2,0.2,0.2,0,0,0,0,0,0,0
sample_428,0.2,0.2,0.2,0,0,0,0,0,0,0
sample_429,0.2,0.2,0.2,0,0,0,0,0,0,0
sample_430,0.2,0.2,0.2,0,0,0,0,0,0,0
sample_431,0.2,0.2,0.2,0,0,0,0,0,0,0
sample_432,0.2,0.2,0.2,0,0,0,0,0,0,0
sample_433,0.2,0.2,0.2,0,0,0,0,0,0,0
sample_434,0.2,0.2,0.2,0,0,0,0,0,0,0
sample_435,0.2,0.2,0.2,0,0,0,0,0,0,0
sample_436,0.2,0.2,0.2,0,0,0,0,0,0,0
sample_437,0.2,0.2,0.2,0,0,0,0,0,0,0
sample_438,0.2,0.2,0.2,0,0,0,0,0,0,0
sample_439,0.2,0.2,0.2,0,0,0,0,0,0,0
sample_440,0.2,0.2,0.2,0,0,0,0,0,0,0
sample_441,0.2,0.2,0.2,0,0,0,0,0,0,0
sample_442,0.2,0.2,0.2,0,0,0,0,0,0,0
sample_443,0.2,0.2,0.2,0,0,0,0,0,0,0
sample_444,0.2,0.2,0.2,0,0,0,0,0,0,0
sample_445,0.2,0.2,0.2,0,0,0,0,0,0,0
sample_446,0.2,0.2,0.2,0,0,0,0,0,0,0
sample_447,0.2,0.2,0.2,0,0,0,0,0,0,0
sample_448,0.2,0.2,0.2,0,0,0,0,0,0,0
sample_449,0.2,0.2,0.2,0,0,0,0,0,0,0
sample_450,0.2,0.2,0.2,0,0,0,0,0,0,0
sample_451,0.2,0.2,0.2,0,0,0,0,0,0,0
sample_452,0.2,0.2,0.2,0,0,0,0,0,0,0
sample_453,0.2,0.2,0.2,0,0,0,0,0,0,0
sample_454,0.2,0.2,0.2,0,0,0,0,0,0,0
sample_455,0.2,0.2,0.2,0,0,0,0,0,0,0
sample_456,0.2,0.2,0.2,0,0,0,0,0,0,0
sample_457,0.2,0.2,0.2,0,0,0,0,0,0,0
sample_458,0.2,0.2,0.2,0,0,0,0,0,0,0
sample_459,0.2,0.2,0.2,0,0,0,0,0,0,0
sample_460,0.2,0.2,0.2,0,0,0,0,0,0,0
sample_461,0.2,0.2,0.2,0,0,0,0,0,0,0
sample_462,0.2,0.2,0.2,0,0,0,0,0,0,0
sample_463,0.2,0.2,0.2,0,0,0,0,0,0,0
sample_464,0.2,0.2,0.2,0,0,0,0,0,0,0
sample_465,0.2,0.2,0.2,0,0,0,0,0,0,0
sample_466,0.2,0.2,0.2,0,0,0,0,0,0,0
sample_467,0.2,0.2,0.2,0,0,0,0,0,0,0
sample_468,0.2,0.2,0.2,0,0,0,0,0,0,0
sample_469,0.2,0.2,0.2,0,0,0,0,0,0,0
sample_470,0.2,0.2,0.2,0,0,0,0,0,0,0
sample_471,0.2,0.2,0.2,0,0,0,0,0,0,0
sample_472,0.2,0.2,0.2,0,0,0,0,0,0,0
sample_473,0.2,0.2,0.2,0,0,0,0,0,0,0
sample_474,0.2,0.2,0.2,0,0,0,0,0,0,0
sample_475,0.2,0.2,0.2,0,0,0,0,0,0,0
sample_476,0.2,0.2,0.2,0,0,0,0,0,0,0
sample_477,0.2,0.2,0.2,0,0,0,0,0,0,0
sample_478,0.2,0.2,0.2,0,0,0,0,0,0,0
sample_479,0.2,0.2,0.2,0,0,0,0,0,0,0
sample_480,0.2,0.2,0.2,0,0,0,0,0,0,0
sample_481,0.2,0.2,0.2,0,0,0,0,0,0,0
sample_482,0.2,0.2,0.2,0,0,0,0,0,0,0
sample_483,0.2,0.2,0.2,0,0,0,0,0,0,0
sample_484,0.2,0.2,0.2,0,0,0,0,0,0,0
sample_485,0.2,0.2,0.2,0,0,0,0,0,0,0
sample_486,0.2,0.2,0.2,0,0,0,0,0,0,0
sample_487,0.2,0.2,0.2,0,0,0,0,0,0,0
sample_488,0.2,0.2,0.2,0,0,0,0,0,0,0
sample_489,0.2,0.2,0.2,0,0,0,0,0,0,0
sample_490,0.2,0.2,0.2,0,0,0,0,0,0,0
sample_491,0.2,0.2,0.2,0,0,0,0,0,0,0
sample_492,0.2,0.2,0.2,0,0,0,0,0,0,0
sample_493,0.2,0.2,0.2,0,0,0,0,0,0,0
sample_494,0.2,0.2,0.2,0,0,0,0,0,0,0
sample_495,0.2,0.2,0.2,0,0,0,0,0,0,0
sample_496,0.2,0.2,0.2,0,0,0,0,0,0,0
sample_497,0.2,0.2,0.2,0,0,0,0,0,0,0
sample_498,0.2,0.2,0.2,0,0,0,0,0,0,0
sample_499,0.2,0.2,0.2,0,0,0,0,0,0,0
sample_500,0.2,0.2,0.2,0,0,0,0,0,0,0
sample_501,0.2,0.2,0.2,0,0,0,0,0,0,0
sample_502,0.2,0.2,0.2,0,0,0,0,0,0,0
sample_503,0.2,0.2,0.2,0,0,0,0,0,0,0
sample_504,0.2,0.2,0.2,0,0,0,0,0,0,0
sample_505,0.2,0.2,0.2,0,0,0,0,0,0,0
sample_506,0.2,0.2,0.2,0,0,0,0,0,0,0
sample_507,0.2,0.2,0.2,0,0,0,0,0,0,0
sample_508,0.2,0.2,0.2,0,0,0,0,0,0,0
sample_509,0.2,0.2,0.2,0,0,0,0,0,0,0
sample_510,0.2,0.2,0.2,0,0,0,0,0,0,0
sample_511,0.2,0.2,0.2,0,0,0,0,0,0,0
sample_512,0.2,0.2,0.2,0,0,0,0,0,0,0
sample_513,0.2,0.2,0.2,0,0,0,0,0,0,0
sample_514,0.2,0.2,0.2,0,0,0,0,0,0,0
sample_515,0.2,0.2,0.2,0,0,0,0,0,0,0
sample_516,0.2,0.2,0.2,0,0,0,0,0,0,0
sample_517,0.2,0.2,0.2,0,0,0,0,0,0,0
sample_518,0.2,0.2,0.2,0,0,0,0,0,0,0
sample_519,0.2,0.2,0.2,0,0,0,0,0,0,0
sample_520,0.2,0.2,0.2,0,0,0,0,0,0,0
sample_521,0.2,0.2,0.2,0,0,0,0,0,0,0
sample_522,0.2,0.2,0.2,0,0,0,0,0,0,0
sample_523,0.2,0.2,0.2,0,0,0,0,0,0,0
sample_524,0.2,0.2,0.2,0,0,0,0,0,0,0
sample_525,0.2,0.2,0.2,0,0,0,0,0,0,0
sample_526,0.2,0.2,0.2,0,0,0,0,0,0,0
sample_527,0.2,0.2,0.2,0,0,0,0,0,0,0
sample_528,0.2,0.2,0.2,0,0,0,0,0,0,0
sample_529,0.2,0.2,0.2,0,0,0,0,0,0,0
sample_530,0.2,0.2,0.2,0,0,0,0,0,0,0
sample_531,0.2,0.2,0.2,0,0,0,0,0,0,0
sample_532,0.2,0.2,0.2,0,0,0,0,0,0,0
sample_533,0.2,0.2,0.2,0,0,0,0,0,0,0
sample_534,0.2,0.2,0.2,0,0,0,0,0,0,0
sample_535,0.2,0.2,0.2,0,0,0,0,0,0,0
sample_536,0.2,0.2,0.2,0,0,0,0,0,0,0
sample_537,0.2,0.2,0.2,0,0,0,0,0,0,0
sample_538,0.2,0.2,0.2,0,0,0,0,0,0,0
sample_539,0.2,0.2,0.2,0,0,0,0,0,0,0
sample_540,0.2,0.2,0.2,0,0,0,0,0,0,0
sample_541,0.2,0.2,0.2,0,0,0,0,0,0,0
sample_542,0.2,0.2,0.2,0,0,0,0,0,0,0
sample_543,0.2,0.2,0.2,0,0,0,0,0,0,0
sample_544,0.2,0.2,0.2,0,0,0,0,0,0,0
sample_545,0.2,0.2,0.2,0,0,0,0,0,0,0
sample_546,0.2,0.2,0.2,0,0,0,0,0,0,0
sample_547,0.2,0.2,0.2,0,0,0,0,0,0,0
sample_548,0.2,0.2,0.2,0,0,0,0,0,0,0
sample_549,0.2,0.2,0.2,0,0,0,0,0,0,0
sample_550,0.2,0.2,0.2,0,0,0,0,0,0,0
sample_551,0.2,0.2,0.2,0,0,0,0,0,0,0
sample_552,0.2,0.2,0.2,0,0,0,0,0,0,0
sample_553,0.2,0.2,0.2,0,0,0,0,0,0,0
sample_554,0.2,0.2,0.2,0,0,0,0,0,0,0
sample_555,0.2,0.2,0.2,0,0,0,0,0,0,0
sample_556,0.2,0.2,0.2,0,0,0,0,0,0,0
sample_557,0.2,0.2,0.2,0,0,0,0,0,0,0
sample_558,0.2,0.2,0.2,0,0,0,0,0,0,0
sample_559,0.2,0.2,0.2,0,0,0,0,0,0,0
sample_560,0.2,0.2,0.2,0,0,0,0,0,0,0
sample_561,0.2,0.2,0.2,0,0,0,0,0,0,0
sample_562,0.2,0.2,0.2,0,0,0,0,0,0,0
sample_563,0.2,0.2,0.2,0,0,0,0,0,0,0
sample_564,0.2,0.2,0.2,0,0,0,0,0,0,0
sample_565,0.2,0.2,0.2,0,0,0,0,0,0,0
sample_566,0.2,0.2,0.2,0,0,0,0,0,0,0
sample_567,0.2,0.2,0.2,0,0,0,0,0,0,0
sample_568,0.2,0.2,0.2,0,0,0,0,0,0,0
sample_569,0.2,0.2,0.2,0,0,0,0,0,0,0
sample_570,0.2,0.2,0.2,0,0,0,0,0,0,0
sample_571,0.2,0.2,0.2,0,0,0,0,0,0,0
sample_572,0.2,0.2,0.2,0,0,0,0,0,0,0
sample_573,0.2,0.2,0.2,0,0,0,0,0,0,0
sample_574,0.2,0.2,0.2,0,0,0,0,0,0,0
sample_575,0.2,0.2,0.2,0,0,0,0,0,0,0
sample_576,0.2,0.2,0.2,0,0,0,0,0,0,0
sample_577,0.2,0.2,0.2,0,0,0,0,0,0,0
sample_578,0.2,0.2,0.2,0,0,0,0,0,0,0
sample_579,0.2,0.2,0.2,0,0,0,0,0,0,0
sample_580,0.2,0.2,0.2,0,0,0,0,0,0,0
sample_581,0.2,0.2,0.2,0,0,0,0,0,0,0
sample_582,0.2,0.2,0.2,0,0,0,0,0,0,0
sample_583,0.2,0.2,0.2,0,0,0,0,0,0,0
sample_584,0.2,0.2,0.2,0,0,0,0,0,0,0
sample_585,0.2,0.2,0.2,0,0,0,0,0,0,0
sample_586,0.2,0.2,0.2,0,0,0,0,0,0,0
sample_587,0.2,0.2,0.2,0,0,0,0,0,0,0
sample_588,0.2,0.2,0.2,0,0,0,0,0,0,0
sample_589,0.2,0.2,0.2,0,0,0,0,0,0,0
sample_590,0.2,0.2,0.2,0,0,0,0,0,0,0
sample_591,0.2,0.2,0.2,0,0,0,0,0,0,0
sample_592,0.2,0.2,0.2,0,0,0,0,0,0,0
sample_593,0.2,0.2,0.2,0,0,0,0,0,0,0
sample_594,0.2,0.2,0.2,0,0,0,0,0,0,0
sample_595,0.2,0.2,0.2,0,0,0,0,0,0,0
sample_596,0.2,0.2,0.2,0,0,0,0,0,0,0
sample_597,0.2,0.2,0.2,0,0,0,0,0,0,0
sample_598,0.2,0.2,0.2,0,0,0,0,0,0,0
sample_599,0.2,0.2,0.2,0,0,0,0,0,0,0
sample_600,0.2,0.2,0.2,0,0,0,0,0,0,0
sample_601,0.2,0.2,0.2,0,0,0,0,0,0,0
sample_602,0.2,0.2,0.2,0,0,0,0,0,0,0
sample_603,0.2,0.2,0.2,0,0,0,0,0,0,0
sample_604,0.2,0.2,0.2,0,0,0,0,0,0,0
sample_605,0.2,0.2,0.2,0,0,0,0,0,0,0
sample_606,0.2,0.2,0.2,0,0,0,0,0,0,0
sample_607,0.2,0.2,0.2,0,0,0,0,0,0,0
sample_608,0.2,0.2,0.2,0,0,0,0,0,0,0
sample_609,0.2,0.2,0.2,0,0,0,0,0,0,0
sample_610,0.2,0.2,0.2,0,0,0,0,0,0,0
sample_611,0.2,0.2,0.2,0,0,0,0,0,0,0
sample_612,0.2,0.2,0.2,0,0,0,0,0,0,0
sample_613,0.2,0.2,0.2,0,0,0,0,0,0,0
sample_614,0.2,0.2,0.2,0,0,0,0,0,0,0
sample_615,0.2,0.2,0.2,0,0,0,0,0,0,0
sample_616,0.2,0.2,0.2,0,0,0,0,0,0,0
sample_617,0.2,0.2,0.2,0,0,0,0,0,0,0
sample_618,0.2,0.2,0.2,0,0,0,0,0,0,0
sample_619,0.2,0.2,0.2,0,0,0,0,0,0,0
sample_620,0.2,0.2,0.2,0,0,0,0,0,0,0
sample_621,0.2,0.2,0.2,0,0,0,0,0,0,0
sample_622,0.2,0.2,0.2,0,0,0,0,0,0,0
sample_623,0.2,0.2,0.2,0,0,0,0,0,0,0
sample_624,0.2,0.2,0.2,0,0,0,0,0,0,0
sample_625,0.2,0.2,0.2,0,0,0,0,0,0,0
sample_626,0.2,0.2,0.2,0,0,0,0,0,0,0
sample_627,0.2,0.2,0.2,0,0,0,0,0,0,0
sample_628,0.2,0.2,0.2,0,0,0,0,0,0,0
sample_629,0.2,0.2,0.2,0,0,0,0,0,0,0
sample_630,0.2,0.2,0.2,0,0,0,0,0,0,0
sample_631,0.2,0.2,0.2,0,0,0,0,0,0,0
sample_632,0.2,0.2,0.2,0,0,0,0,0,0,0
sample_633,0.2,0.2,0.2,0,0,0,0,0,0,0
sample_634,0.2,0.2,0.2,0,0,0,0,0,0,0
sample_635,0.2,0.2,0.2,0,0,0,0,0,0,0
sample_636,0.2,0.2,0.2,0,0,0,0,0,0,0
sample_637,0.2,0.2,0.2,0,0,0,0,0,0,0
sample_638,0.2,0.2,0.2,0,0,0,0,0,0,0
sample_639,0.2,0.2,0.2,0,0,0,0,0,0,0
sample_640,0.2,0.2,0.2,0,0,0,0,0,0,0
sample_641,0.2,0.2,0.2,0,0,0,0,0,0,0
sample_642,0.2,0.2,0.2,0,0,0,0,0,0,0
sample_643,0.2,0.2,0.2,0,0,0,0,0,0,0
sample_644,0.2,0.2,0.2,0,0,0,0,0,0,0
sample_645,0.2,0.2,0.2,0,0,0,0,0,0,0
sample_646,0.2,0.2,0.2,0,0,0,0,0,0,0
sample_647,0.2,0.2,0.2,0,0,0,0,0,0,0
sample_648,0.2,0.2,0.2,0,0,0,0,0,0,0
sample_649,0.2,0.2,0.2,0,0,0,0,0,0,0
sample_650,0.2,0.2,0.2,0,0,0,0,0,0,0
sample_651,0.2,0.2,0.2,0,0,0,0,0,0,0
sample_652,0.2,0.2,0.2,0,0,0,0,0,0,0
sample_653,0.2,0.2,0.2,0,0,0,0,0,0,0
sample_654,0.2,0.2,0.2,0,0,0,0,0,0,0
sample_655,0.2,0.2,0.2,0,0,0,0,0,0,0
sample_656,0.2,0.2,0.2,0,0,0,0,0,0,0
sample_657,0.2,0.2,0.2,0,0,0,0,0,0,0
sample_658,0.2,0.2,0.2,0,0,0,0,0,0,0
sample_659,0.2,0.2,0.2,0,0,0,0,0,0,0
sample_660,0.2,0.2,0.2,0,0,0,0,0,0,0
sample_661,0.2,0.2,0.2,0,0,0,0,0,0,0
sample_662,0.2,0.2,0.2,0,0,0,0,0,0,0
sample_663,0.2,0.2,0.2,0,0,0,0,0,0,0
sample_664,0.2,0.2,0.2,0,0,0,0,0,0,0
sample_665,0.2,0.2,0.2,0,0,0,0,0,0,0
sample_666,0.2,0.2,0.2,0,0,0,0,0,0,0
sample_667,0.2,0.2,0.2,0,0,0,0,0,0,0
sample_668,0.2,0.2,0.2,0,0,0,0,0,0,0
sample_669,0.2,0.2,0.2,0,0,0,0,0,0,0
sample_670,0.2,0.2,0.2,0,0,0,0,0,0,0
sample_671,0.2,0.2,0.2,0,0,0,0,0,0,0
sample_672,0.2,0.2,0.2,0,0,0,0,0,0,0
sample_673,0.2,0.2,0.2,0,0,0,0,0,0,0
sample_674,0.2,0.2,0.2,0,0,0,0,0,0,0
sample_675,0.2,0.2,0.2,0,0,0,0,0,0,0
sample_676,0.2,0.2,0.2,0,0,0,0,0,0,0
sample_677,0.2,0.2,0.2,0,0,0,0,0,0,0
sample_678,0.2,0.2,0.2,0,0,0,0,0,0,0
sample_679,0.2,0.2,0.2,0,0,0,0,0,0,0
sample_680,0.2,0.2,0.2,0,0,0,0,0,0,0
sample_681,0.2,0.2,0.2,0,0,0,0,0,0,0
sample_682,0.2,0.2,0.2,0,0,0,0,0,0,0
sample_683,0.2,0.2,0.2,0,0,0,0,0,0,0
sample_684,0.2,0.2,0.2,0,0,0,0,0,0,0
sample_685,0.2,0.2,0.2,0,0,0,0,0,0,0
sample_686,0.2,0.2,0.2,0,0,0,0,0,0,0
sample_687,0.2,0.2,0.2,0,0,0,0,0,0,0
sample_688,0.2,0.2,0.2,0,0,0,0,0,0,0
sample_689,0.2,0.2,0.2,0,0,0,0,0,0,0
sample_690,0.2,0.2,0.2,0,0,0,0,0,0,0
sample_691,0.2,0.2,0.2,0,0,0,0,0,0,0
sample_692,0.2,0.2,0.2,0,0,0,0,0,0,0
sample_693,0.2,0.2,0.2,0,0,0,0,0,0,0
sample_694,0.2,0.2,0.2,0,0,0,0,0,0,0
sample_695,0.2,0.2,0.2,0,0,0,0,0,0,0
sample_696,0.2,0.2,0.2,0,0,0,0,0,0,0
sample_697,0.2,0.2,0.2,0,0,0,0,0,0,0
sample_698,0.2,0.2,0.2,0,0,0,0,0,0,0
sample_699,0.2,0.2,0.2,0,0,0,0,0,0,0
sample_700,0.2,0.2,0.2,0,0,0,0,0,0,0
sample_701,0.2,0.2,0.2,0,0,0,0,0,0,0
sample_702,0.2,0.2,0.2,0,0,0,0,0,0,0
sample_703,0.2,0.2,0.2,0,0,0,0,0,0,0
sample_704,0.2,0.2,0.2,0,0,0,0,0,0,0
sample_705,0.2,0.2,0.2,0,0,0,0,0,0,0
sample_706,0.2,0.2,0.2,0,0,0,0,0,0,0
sample_707,0.2,0.2,0.2,0,0,0,0,0,0,0
sample_708,0.2,0.2,0.2,0,0,0,0,0,0,0
sample_709,0.2,0.2,0.2,0,0,0,0,0,0,0
sample_710,0.2,0.2,0.2,0,0,0,0,0,0,0
sample_711,0.2,0.2,0.2,0,0,0,0,0,0,0
sample_712,0.2,0.2,0.2,0,0,0,0,0,0,0
sample_713,0.2,0.2,0.2,0,0,0,0,0,0,0
sample_714,0.2,0.2,0.2,0,0,0,0,0,0,0
sample_715,0.2,0.2,0.2,0,0,0,0,0,0,0
sample_716,0.2,0.2,0.2,0,0,0,0,0,0,0
sample_717,0.2,0.2,0.2,0,0,0,0,0,0,0
sample_718,0.2,0.2,0.2,0,0,0,0,0,0,0
sample_719,0.2,0.2,0.2,0,0,0,0,0,0,0
sample_720,0.2,0.2,0.2,0,0,0,0,0,0,0
sample_721,0.2,0.2,0.2,0,0,0,0,0,0,0
sample_722,0.2,0.2,0.2,0,0,0,0,0,0,0
sample_723,0.2,0.2,0.2,0,0,0,0,0,0,0
sample_724,0.2,0.2,0.2,0,0,0,0,0,0,0
sample_725,0.2,0.2,0.2,0,0,0,0,0,0,0
sample_726,0.2,0.2,0.2,0,0,0,0,0,0,0
sample_727,0.2,0.2,0.2,0,0,0,0,0,0,0
sample_728,0.2,0.2,0.2,0,0,0,0,0,0,0
sample_729,0.2,0.2,0.2,0,0,0,0,0,0,0
sample_730,0.2,0.2,0.2,0,0,0,0,0,0,0
sample_731,0.2,0.2,0.2,0,0,0,0,0,0,0
sample_732,0.2,0.2,0.2,0,0,0,0,0,0,0
sample_733,0.2,0.2,0.2,0,0,0,0,0,0,0
sample_734,0.2,0.2,0.2,0,0,0,0,0,0,0
sample_735,0.2,0.2,0.2,0,0,0,0,0,0,0
sample_736,0.2,0.2,0.2,0,0,0,0,0,0,0
sample_737,0.2,0.2,0.2,0,0,0,0,0,0,0
sample_738,0.2,0.2,0.2,0,0,0,0,0,0,0
sample_739,0.2,0.2,0.2,0,0,0,0,0,0,0
sample_740,0.2,0.2,0.2,0,0,0,0,0,0,0
sample_741,0.2,0.2,0.2,0,0,0,0,0,0,0
sample_742,0.2,0.2,0.2,0,0,0,0,0,0,0
sample_743,0.2,0.2,0.2,0,0,0,0,0,0,0
sample_744,0.2,0.2,0.2,0,0,0,0,0,0,0
sample_745,0.2,0.2,0.2,0,0,0,0,0,0,0
sample_746,0.2,0.2,0.2,0,0,0,0,0,0,0
sample_747,0.2,0.2,0.2,0,0,0,0,0,0,0
sample_748,0.2,0.2,0.2,0,0,0,0,0,0,0
sample_749,0.2,0.2,0.2,0,0,0,0,0,0,0
sample_750,0.2,0.2,0.2,0,0,0,0,0,0,0
sample_751,0.2,0.2,0.2,0,0,0,0,0,0,0
sample_752,0.2,0.2,0.2,0,0,0,0,0,0,0
sample_753,0.2,0.2,0.2,0,0,0,0,0,0,0
sample_754,0.2,0.2,0.2,0,0,0,0,0,0,0
sample_755,0.2,0.2,0.2,0,0,0,0,0,0,0
sample_756,0.2,0.2,0.2,0,0,0,0,0,0,0
sample_757,0.2,0.2,0.2,0,0,0,0,0,0,0
sample_758,0.2,0.2,0.2,0,0,0,0,0,0,0
sample_759,0.2,0.2,0.2,0,0,0,0,0,0,0
sample_760,0.2,0.2,0.2,0,0,0,0,0,0,0
sample_761,0.2,0.2,0.2,0,0,0,0,0,0,0
sample_762,0.2,0.2,0.2,0,0,0,0,0,0,0
sample_763,0.2,0.2,0.2,0,0,0,0,0,0,0
sample_764,0.2,0.2,0.2,0,0,0,0,0,0,0
sample_765,0.2,0.2,0.2,0,0,0,0,0,0,0
sample_766,0.2,0.2,0.2,0,0,0,0,0,0,0
sample_767,0.2,0.2,0.2,0,0,0,0,0,0,0
sample_768,0.2,0.2,0.2,0,0,0,0,0,0,0
sample_769,0.2,0.2,0.2,0,0,0,0,0,0,0
sample_770,0.2,0.2,0.2,0,0,0,0,0,0,0
sample_771,0.2,0.2,0.2,0,0,0,0,0,0,0
sample_772,0.2,0.2,0.2,0,0,0,0,0,0,0
sample_773,0.2,0.2,0.2,0,0,0,0,0,0,0
sample_774,0.2,0.2,0.2,0,0,0,0,0,0,0
sample_775,0.2,0.2,0.2,0,0,0,0,0,0,0
sample_776,0.2,0.2,0.2,0,0,0,0,0,0,0
sample_777,0.2,0.2,0.2,0,0,0,0,0,0,0
sample_778,0.2,0.2,0.2,0,0,0,0,0,0,0
sample_779,0.2,0.2,0.2,0,0,0,0,0,0,0
sample_780,0.2,0.2,0.2,0,0,0,0,0,0,0
sample_781,0.2,0.2,0.2,0,0,0,0,0,0,0
sample_782,0.2,0.2,0.2,0,0,0,0,0,0,0
sample_783,0.2,0.2,0.2,0,0,0,0,0,0,0
sample_784,0.2,0.2,0.2,0,0,0,0,0,0,0
sample_785,0.2,0.2,0.2,0,0,0,0,0,0,0
sample_786,0.2,0.2,0.2,0,0,0,0,0,0,0
sample_787,0.2,0.2,0.2,0,0,0,0,0,0,0
sample_788,0.2,0.2,0.2,0,0,0,0,0,0,0
sample_789,0.2,0.2,0.2,0,0,0,0,0,0,0
sample_790,0.2,0.2,0.2,0,0,0,0,0,0,0
sample_791,0.2,0.2,0.2,0,0,0,0,0,0,0
sample_792,0.2,0.2,0.2,0,0,0,0,0,0,0
sample_793,0.2,0.2,0.2,0,0,0,0,0,0,0
sample_794,0.2,0.2,0.2,0,0,0,0,0,0,0
sample_795,0.2,0.2,0.2,0,0,0,0,0,0,0
sample_796,0.2,0.2,0.2,0,0,0,0,0,0,0
sample_797,0.2,0.2,0.2,0,0,0,0,0,0,0
sample_798,0.2,0.2,0.2,0,0,0,0,0,0,0
sample_799,0.2,0.2,0.2,0,0,0,0,0,0,0
sample_800,0.2,0.2,0.2,0,0,0,0,0,0,0
sample_801,0.2,0.2,0.2,0,0,0,0,0,0,0
sample_802,0.2,0.2,0.2,0,0,0,0,0,0,0
sample_803,0.2,0.2,0.2,0,0,0,0,0,0,0
sample_804,0.2,0.2,0.2,0,0,0,0,0,0,0
sample_805,0.2,0.2,0.2,0,0,0,0,0,0,0
sample_806,0.2,0.2,0.2,0,0,0,0,0,0,0
sample_807,0.2,0.2,0.2,0,0,0,0,0,0,0
sample_808,0.2,0.2,0.2,0,0,0,0,0,0,0
sample_809,0.2,0.2,0.2,0,0,0,0,0,0,0
sample_810,0.2,0.2,0.2,0,0,0,0,0,0,0
sample_811,0.2,0.2,0.2,0,0,0,0,0,0,0
sample_812,0.2,0.2,0.2,0,0,0,0,0,0,0
sample_813,0.2,0.2,0.2,0,0,0,0,0,0,0
sample_814,0.2,0.2,0.2,0,0,0,0,0,0,0
sample_815,0.2,0.2,0.2,0,0,0,0,0,0,0
sample_816,0.2,0.2,0.2,0,0,0,0,0,0,0
sample_817,0.2,0.2,0.2,0,0,0,0,0,0,0
sample_818,0.2,0.2,0.2,0,0,0,0,0,0,0
sample_819,0.2,0.2,0.2,0,0,0,0,0,0,0
sample_820,0.2,0.2,0.2,0,0,0,0,0,0,0
sample_821,0.2,0.2,0.2,0,0,0,0,0,0,0
sample_822,0.2,0.2,0.2,0,0,0,0,0,0,0
sample_823,0.2,0.2,0.2,0,0,0,0,0,0,0
sample_824,0.2,0.2,0.2,0,0,0,0,0,0,0
sample_825,0.2,0.2,0.2,0,0,0,0,0,0,0
sample_826,0.2,0.2,0.2,0,0,0,0,0,0,0
sample_827,0.2,0.2,0.2,0,0,0,0,0,0,0
sample_828,0.2,0.2,0.2,0,0,0,0,0,0,0
sample_829,0.2,0.2,0.2,0,0,0,0,0,0,0
sample_830,0.2,0.2,0.2,0,0,0,0,0,0,0
sample_831,0.2,0.2,0.2,0,0,0,0,0,0,0
sample_832,0.2,0.2,0.2,0,0,0,0,0,0,0
sample_833,0.2,0.2,0.2,0,0,0,0,0,0,0
sample_834,0.2,0.2,0.2,0,0,0,0,0,0,0
sample_835,0.2,0.2,0.2,0,0,0,0,0,0,0
sample_836,0.2,0.2,0.2,0,0,0,0,0,0,0
sample_837,0.2,0.2,0.2,0,0,0,0,0,0,0
sample_838,0.2,0.2,0.2,0,0,0,0,0,0,0
sample_839,0.2,0.2,0.2,0,0,0,0,0,0,0
sample_840,0.2,0.2,0.2,0,0,0,0,0,0,0
sample_841,0.2,0.2,0.2,0,0,0,0,0,0,0
sample_842,0.2,0.2,0.2,0,0,0,0,0,0,0
sample_843,0.2,0.2,0.2,0,0,0,0,0,0,0
sample_844,0.2,0.2,0.2,0,0,0,0,0,0,0
sample_845,0.2,0.2,0.2,0,0,0,0,0,0,0
sample_846,0.2,0.2,0.2,0,0,0,0,0,0,0
sample_847,0.2,0.2,0.2,0,0,0,0,0,0,0
sample_848,0.2,0.2,0.2,0,0,0,0,0,0,0
sample_849,0.2,0.2,0.2,0,0,0,0,0,0,0
sample_850,0.2,0.2,0.2,0,0,0,0,0,0,0
sample_851,0.2,0.2,0.2,0,0,0,0,0,0,0
sample_852,0.2,0.2,0.2,0,0,0,0,0,0,0
sample_853,0.2,0.2,0.2,0,0,0,0,0,0,0
sample_854,0.2,0.2,0.2,0,0,0,0,0,0,0
sample_855,0.2,0.2,0.2,0,0,0,0,0,0,0
sample_856,0.2,0.2,0.2,0,0,0,0,0,0,0
sample_857,0.2,0.2,0.2,0,0,0,0,0,0,0
sample_858,0.2,0.2,0.2,0,0,0,0,0,0,0
sample_859,0.2,0.2,0.2,0,0,0,0,0,0,0
sample_860,0.2,0.2,0.2,0,0,0,0,0,0,0
sample_861,0.2,0.2,0.2,0,0,0,0,0,0,0
sample_862,0.2,0.2,0.2,0,0,0,0,0,0,0
sample_863,0.2,0.2,0.2,0,0,0,0,0,0,0
sample_864,0.2,0.2,0.2,0,0,0,0,0,0,0
sample_865,0.2,0.2,0.2,0,0,0,0,0,0,0
sample_866,0.2,0.2,0.2,0,0,0,0,0,0,0
sample_867,0.2,0.2,0.2,0,0,0,0,0,0,0
sample_868,0.2,0.2,0.2,0,0,0,0,0,0,0
sample_869,0.2,0.2,0.2,0,0,0,0,0,0,0
sample_870,0.2,0.2,0.2,0,0,0,0,0,0,0
sample_871,0.2,0.2,0.2,0,0,0,0,0,0,0
sample_872,0.2,0.2,0.2,0,0,0,0,0,0,0
sample_873,0.2,0.2,0.2,0,0,0,0,0,0,0
sample_874,0.2,0.2,0.2,0,0,0,0,0,0,0
sample_875,0.2,0.2,0.2,0,0,0,0,0,0,0
sample_876,0.2,0.2,0.2,0,0,0,0,0,0,0
sample_877,0.2,0.2,0.2,0,0,0,0,0,0,0
sample_878,0.2,0.2,0.2,0,0,0,0,0,0,0
sample_879,0.2,0.2,0.2,0,0,0,0,0,0,0
sample_880,0.2,0.2,0.2,0,0,0,0,0,0,0
sample_881,0.2,0.2,0.2,0,0,0,0,0,0,0
sample_882,0.2,0.2,0.2,0,0,0,0,0,0,0
sample_883,0.2,0.2,0.2,0,0,0,0,0,0,0
sample_884,0.2,0.2,0.2,0,0,0,0,0,0,0
sample_885,0.2,0.2,0.2,0,0,0,0,0,0,0
sample_886,0.2,0.2,0.2,0,0,0,0,0,0,0
sample_887,0.2,0.2,0.2,0,0,0,0,0,0,0
sample_888,0.2,0.2,0.2,0,0,0,0,0,0,0
sample_889,0.2,0.2,0.2,0,0,0,0,0,0,0
sample_890,0.2,0.2,0.2,0,0,0,0,0,0,0
sample_891,0.2,0.2,0.2,0,0,0,0,0,0,0
sample_892,0.2,0.2,0.2,0,0,0,0,0,0,0
sample_893,0.2,0.2,0.2,0,0,0,0,0,0,0
sample_894,0.2,0.2,0.2,0,0,0,0,0,0,0
sample_895,0.2,0.2,0.2,0,0,0,0,0,0,0
sample_896,0.2,0.2,0.2,0,0,0,0,0,0,0
sample_897,0.2,0.2,0.2,0,0,0,0,0,0,0
sample_898,0.2,0.2,0.2,0,0,0,0,0,0,0
sample_899,0.2,0.2,0.2,0,0,0,0,0,0,0
sample_900,0.2,0.2,0.2,0,0,0,0,0,0,0
sample_901,0.2,0.2,0.2,0,0,0,0,0,0,0
sample_902,0.2,0.2,0.2,0,0,0,0,0,0,0
sample_903,0.2,0.2,0.2,0,0,0,0,0,0,0
sample_904,0.2,0.2,0.2,0,0,0,0,0,0,0
sample_905,0.2,0.2,0.2,0,0,0,0,0,0,0
sample_906,0.2,0.2,0.2,0,0,0,0,0,0,0
sample_907,0.2,0.2,0.2,0,0,0,0,0,0,0
sample_908,0.2,0.2,0.2,0,0,0,0,0,0,0
sample_909,0.2,0.2,0.2,0,0,0,0,0,0,0
sample_910,0.2,0.2,0.2,0,0,0,0,0,0,0
sample_911,0.2,0.2,0.2,0,0,0,0,0,0,0
sample_912,0.2,0.2,0.2,0,0,0,0,0,0,0
sample_913,0.2,0.2,0.2,0,0,0,0,0,0,0
sample_914,0.2,0.2,0.2,0,0,0,0,0,0,0
sample_915,0.2,0.2,0.2,0,0,0,0,0,0,0
sample_916,0.2,0.2,0.2,0,0,0,0,0,0,0
sample_917,0.2,0.2,0.2,0,0,0,0,0,0,0
sample_918,0.2,0.2,0.2,0,0,0,0,0,0,0
sample_919,0.2,0.2,0.2,0,0,0,0,0,0,0
sample_920,0.2,0.2,0.2,0,0,0,0,0,0,0
sample_921,0.2,0.2,0.2,0,0,0,0,0,0,0
sample_922,0.2,0.2,0.2,0,0,0,0,0,0,0
sample_923,0.2,0.2,0.2,0,0,0,0,0,0,0
sample_924,0.2,0.2,0.2,0,0,0,0,0,0,0
sample_925,0.2,0.2,0.2,0,0,0,0,0,0,0
sample_926,0.2,0.2,0.2,0,0,0,0,0,0,0
sample_927,0.2,0.2,0.2,0,0,0,0,0,0,0
sample_928,0.2,0.2,0.2,0,0,0,0,0,0,0
sample_929,0.2,0.2,0.2,0,0,0,0,0,0,0
sample_930,0.2,0.2,0.2,0,0,0,0,0,0,0
sample_931,0.2,0.2,0.2,0,0,0,0,0,0,0
sample_932,0.2,0.2,0.2,0,0,0,0,0,0,0
sample_933,0.2,0.2,0.2,0,0,0,0,0,0,0
sample_934,0.2,0.2,0.2,0,0,0,0,0,0,0
sample_935,0.2,0.2,0.2,0,0,0,0,0,0,0
sample_936,0.2,0.2,0.2,0,0,0,0,0,0,0
sample_937,0.2,0.2,0.2,0,0,0,0,0,0,0
sample_938,0.2,0.2,0.2,0,0,0,0,0,0,0
sample_939,0.2,0.2,0.2,0,0,0,0,0,0,0
sample_940,0.2,0.2,0.2,0,0,0,0,0,0,0
sample_941,0.2,0.2,0.2,0,0,0,0,0,0,0
sample_942,0.2,0.2,0.2,0,0,0,0,0,0,0
sample_943,0.2,0.2,0.2,0,0,0,0,0,0,0
sample_944,0.2,0.2,0.2,0,0,0,0,0,0,0
sample_945,0.2,0.2,0.2,0,0,0,0,0,0,0
sample_946,0.2,0.2,0.2,0,0,0,0,0,0,0
sample_947,0.2,0.2,0.2,0,0,0,0,0,0,0
sample_948,0.2,0.2,0.2,0,0,0,0,0,0,0
sample_949,0.2,0.2,0.2,0,0,0,0,0,0,0
sample_950,0.2,0.2,0.2,0,0,0,0,0,0,0
sample_951,0.2,0.2,0.2,0,0,0,0,0,0,0
sample_952,0.2,0.2,0.2,0,0,0,0,0,0,0
sample_953,0.2,0.2,0.2,0,0,0,0,0,0,0
sample_954,0.2,0.2,0.2,0,0,0,0,0,0,0
sample_955,0.2,0.2,0.2,0,0,0,0,0,0,0
sample_956,0.2,0.2,0.2,0,0,0,0,0,0,0
sample_957,0.2,0.2,0.2,0,0,0,0,0,0,0
sample_958,0.2,0.2,0.2,0,0,0,0,0,0,0
sample_959,0.2,0.2,0.2,0,0,0,0,0,0,0
sample_960,0.2,0.2,0.2,0,0,0,0,0,0,0
sample_961,0.2,0.2,0.2,0,0,0,0,0,0,0
sample_962,0.2,0.2,0.2,0,0,0,0,0,0,0
sample_963,0.2,0.2,0.2,0,0,0,0,0,0,0
sample_964,0.2,0.2,0.2,0,0,0,0,0,0,0
sample_965,0.2,0.2,0.2,0,0,0,0,0,0,0
sample_966,0.2,0.2,0.2,0,0,0,0,0,0,0
sample_967,0.2,0.2,0.2,0,0,0,0,0,0,0
sample_968,0.2,0.2,0.2,0,0,0,0,0,0,0
sample_969,0.2,0.2,0.2,0,0,0,0,0,0,0
sample_970,0.2,0.2,0.2,0,0,0,0,0,0,0
sample_971,0.2,0.2,0.2,0,0,0,0,0,0,0
sample_972,0.2,0.2,0.2,0,0,0,0,0,0,0
sample_973,0.2,0.2,0.2,0,0,0,0,0,0,0
sample_974,0.2,0.2,0.2,0,0,0,0,0,0,0
sample_975,0.2,0.2,0.2,0,0,0,0,0,0,0
sample_976,0.2,0.2,0.2,0,0,0,0,0,0,0
sample_977,0.2,0.2,0.2,0,0,0,0,0,0,0
sample_978,0.2,0.2,0.2,0,0,0,0,0,0,0
sample_979,0.2,0.2,0.2,0,0,0,0,0,0,0
sample_980,0.2,0.2,0.2,0,0,0,0,0,0,0
sample_981,0.2,0.2,0.2,0,0,0,0,0,0,0
sample_982,0.2,0.2,0.2,0,0,0,0,0,0,0
sample_983,0.2,0.2,0.2,0,0,0,0,0,0,0
sample_984,0.2,0.2,0.2,0,0,0,0,0,0,0
sample_985,0.2,0.2,0.2,0,0,0,0,0,0,0
sample_986,0.2,0.2,0.2,0,0,0,0,0,0,0
sample_987,0.2,0.2,0.2,0,0,0,0,0,0,0
sample_988,0.2,0.2,0.2,0,0,0,0,0,0,0
sample_989,0.2,0.2,0.2,0,0,0,0,0,0,0
sample_990,0.2,0.2,0.2,0,0,0,0,0,0,0
sample_991,0.2,0.2,0.2,0,0,0,0,0,0,0
sample_992,0.2,0.2,0.2,0,0,0,0,0,0,0
sample_993,0.2,0.2,0.2,0,0,0,0,0,0,0
sample_994,0.2,0.2,0.2,0,0,0,0,0,0,0
sample_995,0.2,0.2,0.2,0,0,0,0,0,0,0
sample_996,0.2,0.2,0.2,0,0,0,0,0,0,0
sample_997,0.2,0.2,0.2,0,0,0,0,0,0,0
sample_998,0.2,0.2,0.2,0,0,0,0,0,0,0
sample_999,0.2,0.2,0.2,0,0,0,0,0,0,0
sample_1000,0.2,0.2,0.2,0,0,0,0,0,0,0
sample_1001,0.2,0.2,0.2,0,0,0,0,0,0,0
sample_1002,0.2,0.2,0.2,0,0,0,0,0,0,0
sample_1003,0.2,0.2,0.2,0,0,0,0,0,0,0
sample_1004,0.2,0.2,0.2,0,0,0,0,0,0,0
sample_1005,0.2,0.2,0.2,0,0,0,0,0,0,0
sample_1006,0.2,0.2,0.2,0,0,0,0,0,0,0
sample_1007,0.2,0.2,0.2,0,0,0,0,0,0,0
sample_1008,0.2,0.2,0.2,0,0,0,0,0,0,0
sample_1009,0.2,0.2,0.2,0,0,0,0,0,0,0
sample_1010,0.2,0.2,0.2,0,0,0,0,0,0,0
sample_1011,0.2,0.2,0.2,0,0,0,0,0,0,0
sample_1012,0.2,0.2,0.2,0,0,0,0,0,0,0
sample_1013,0.2,0.2,0.2,0,0,0,0,0,0,0
sample_1014,0.2,0.2,0.2,0,0,0,0,0,0,0
sample_1015,0.2,0.2,0.2,0,0,0,0,0,0,0
sample_1016,0.2,0.2,0.2,0,0,0,0,0,0,0
sample_1017,0.2,0.2,0.2,0,0,0,0,0,0,0
sample_1018,0.2,0.2,0.2,0,0,0,0,0,0,0
sample_1019,0.2,0.2,0.2,0,0,0,0,0,0,0
sample_1020,0.2,0.2,0.2,0,0,0,0,0,0,0
sample_1021,0.2,0.2,0.2,0,0,0,0,0,0,0
sample_1022,0.2,0.2,0.2,0,0,0,0,0,0,0
sample_1023,0.2,0.2,0.2,0,0,0,0,0,0,0
sample_1024,0.2,0.2,0.2,0,0,0,0,0,0,0
sample_1025,0.2,0.2,0.2,0,0,0,0,0,0,0
sample_1026,0.2,0.2,0.2,0,0,0,0,0,0,0
sample_1027,0.2,0.2,0.2,0,0,0,0,0,0,0
sample_1028,0.2,0.2,0.2,0,0,0,0,0,0,0
sample_1029,0.2,0.2,0.2,0,0,0,0,0,0,0
sample_1030,0.2,0.2,0.2,0,0,0,0,0,0,0
sample_1031,0.2,0.2,0.2,0,0,0,0,0,0,0
sample_1032,0.2,0.2,0.2,0,0,0,0,0,0,0
sample_1033,0.2,0.2,0.2,0,0,0,0,0,0,0
sample_1034,0.2,0.2,0.2,0,0,0,0,0,0,0
sample_1035,0.2,0.2,0.2,0,0,0,0,0,0,0
sample_1036,0.2,0.2,0.2,0,0,0,0,0,0,0
sample_1037,0.2,0.2,0.2,0,0,0,0,0,0,0
sample_1038,0.2,0.2,0.2,0,0,0,0,0,0,0
sample_1039,0.2,0.2,0.2,0,0,0,0,0,0,0
sample_1040,0.2,0.2,0.2,0,0,0,0,0,0,0
sample_1041,0.2,0.2,0.2,0,0,0,0,0,0,0
sample_1042,0.2,0.2,0.2,0,0,0,0,0,0,0
sample_1043,0.2,0.2,0.2,0,0,0,0,0,0,0
sample_1044,0.2,0.2,0.2,0,0,0,0,0,0,0
sample_1045,0.2,0.2,0.2,0,0,0,0,0,0,0
sample_1046,0.2,0.2,0.2,0,0,0,0,0,0,0
sample_1047,0.2,0.2,0.2,0,0,0,0,0,0,0
sample_1048,0.2,0.2,0.2,0,0,0,0,0,0,0
sample_1049,0.2,0.2,0.2,0,0,0,0,0,0,0
sample_1050,0.2,0.2,0.2,0,0,0,0,0,0,0
sample_1051,0.2,0.2,0.2,0,0,0,0,0,0,0
sample_1052,0.2,0.2,0.2,0,0,0,0,0,0,0
sample_1053,0.2,0.2,0.2,0,0,0,0,0,0,0
sample_1054,0.2,0.2,0.2,0,0,0,0,0,0,0
sample_1055,0.2,0.2,0.2,0,0,0,0,0,0,0
sample_1056,0.2,0.2,0.2,0,0,0,0,0,0,0
sample_1057,0.2,0.2,0.2,0,0,0,0,0,0,0
sample_1058,0.2,0.2,0.2,0,0,0,0,0,0,0
sample_1059,0.2,0.2,0.2,0,0,0,0,0,0,0
sample_1060,0.2,0.2,0.2,0,0,0,0,0,0,0
sample_1061,0.2,0.2,0.2,0,0,0,0,0,0,0
sample_1062,0.2,0.2,0.2,0,0,0,0,0,0,0
sample_1063,0.2,0.2,0.2,0,0,0,0,0,0,0
sample_1064,0.2,0.2,0.2,0,0,0,0,0,0,0
sample_1065,0.2,0.2,0.2,0,0,0,0,0,0,0
sample_1066,0.2,0.2,0.2,0,0,0,0,0,0,0
sample_1067,0.2,0.2,0.2,0,0,0,0,0,0,0
sample_1068,0.2,0.2,0.2,0,0,0,0,0,0,0
sample_1069,0.2,0.2,0.2,0,0,0,0,0,0,0
sample_1070,0.2,0.2,0.2,0,0,0,0,0,0,0
sample_1071,0.2,0.2,0.2,0,0,0,0,0,0,0
sample_1072,0.2,0.2,0.2,0,0,0,0,0,0,0
sample_1073,0.2,0.2,0.2,0,0,0,0,0,0,0
sample_1074,0.2,0.2,0.2,0,0,0,0,0,0,0
sample_1075,0.2,0.2,0.2,0,0,0,0,0,0,0
sample_1076,0.2,0.2,0.2,0,0,0,0,0,0,0
sample_1077,0.2,0.2,0.2,0,0,0,0,0,0,0
sample_1078,0.2,0.2,0.2,0,0,0,0,0,0,0
sample_1079,0.2,0.2,0.2,0,0,0,0,0,0,0
sample_1080,0.2,0.2,0.2,0,0,0,0,0,0,0
sample_1081,0.2,0.2,0.2,0,0,0,0,0,0,0
sample_1082,0.2,0.2,0.2,0,0,0,0,0,0,0
sample_1083,0.2,0.2,0.2,0,0,0,0,0,0,0
sample_1084,0.2,0.2,0.2,0,0,0,0,0,0,0
sample_1085,0.2,0.2,0.2,0,0,0,0,0,0,0
sample_1086,0.2,0.2,0.2,0,0,0,0,0,0,0
sample_1087,0.2,0.2,0.2,0,0,0,0,0,0,0
sample_1088,0.2,0.2,0.2,0,0,0,0,0,0,0
sample_1089,0.2,0.2,0.2,0,0,0,0,0,0,0
sample_1090,0.2,0.2,0.2,0,0,0,0,0,0,0
sample_1091,0.2,0.2,0.2,0,0,0,0,0,0,0
sample_1092,0.2,0.2,0.2,0,0,0,0,0,0,0
sample_1093,0.2,0.2,0.2,0,0,0,0,0,0,0
sample_1094,0.2,0.2,0.2,0,0,0,0,0,0,0
sample_1095,0.2,0.2,0.2,0,0,0,0,0,0,0
sample_1096,0.2,0.2,0.2,0,0,0,0,0,0,0
sample_1097,0.2,0.2,0.2,0,0,0,0,0,0,0
sample_1098,0.2,0.2,0.2,0,0,0,0,0,0,0
sample_1099,0.2,0.2,0.2,0,0,0,0,0,0,0
sample_1100,0.2,0.2,0.2,0,0,0,0,0,0,0
sample_1101,0.2,0.2,0.2,0,0,0,0,0,0,0
sample_1102,0.2,0.2,0.2,0,0,0,0,0,0,0
sample_1103,0.2,0.2,0.2,0,0,0,0,0,0,0
sample_1104,0.2,0.2,0.2,0,0,0,0,0,0,0
sample_1105,0.2,0.2,0.2,0,0,0,0,0,0,0
sample_1106,0.2,0.2,0.2,0,0,0,0,0,0,0
sample_1107,0.2,0.2,0.2,0,0,0,0,0,0,0
sample_1108,0.2,0.2,0.2,0,0,0,0,0,0,0
sample_1109,0.2,0.2,0.2,0,0,0,0,0,0,0
sample_1110,0.2,0.2,0.2,0,0,0,0,0,0,0
sample_1111,0.2,0.2,0.2,0,0,0,0,0,0,0
sample_1112,0.2,0.2,0.2,0,0,0,0,0,0,0
sample_1113,0.2,0.2,0.2,0,0,0,0,0,0,0
sample_1114,0.2,0.2,0.2,0,0,0,0,0,0,0
sample_1115,0.2,0.2,0.2,0,0,0,0,0,0,0
sample_1116,0.2,0.2,0.2,0,0,0,0,0,0,0
sample_1117,0.2,0.2,0.2,0,0,0,0,0,0,0
sample_1118,0.2,0.2,0.2,0,0,0,0,0,0,0
sample_1119,0.2,0.2,0.2,0,0,0,0,0,0,0
sample_1120,0.2,0.2,0.2,0,0,0,0,0,0,0
sample_1121,0.2,0.2,0.2,0,0,0,0,0,0,0
sample_1122,0.2,0.2,0.2,0,0,0,0,0,0,0
sample_1123,0.2,0.2,0.2,0,0,0,0,0,0,0
sample_1124,0.2,0.2,0.2,0,0,0,0,0,0,0
sample_1125,0.2,0.2,0.2,0,0,0,0,0,0,0
sample_1126,0.2,0.2,0.2,0,0,0,0,0,0,0
sample_1127,0.2,0.2,0.2,0,0,0,0,0,0,0
sample_1128,0.2,0.2,0.2,0,0,0,0,0,0,0
sample_1129,0.2,0.2,0.2,0,0,0,0,0,0,0
sample_1130,0.2,0.2,0.2,0,0,0,0,0,0,0
sample_1131,0.2,0.2,0.2,0,0,0,0,0,0,0
sample_1132,0.2,0.2,0.2,0,0,0,0,0,0,0
sample_1133,0.2,0.2,0.2,0,0,0,0,0,0,0
sample_1134,0.2,0.2,0.2,0,0,0,0,0,0,0
sample_1135,0.2,0.2,0.2,0,0,0,0,0,0,0
sample_1136,0.2,0.2,0.2,0,0,0,0,0,0,0
sample_1137,0.2,0.2,0.2,0,0,0,0,0,0,0
sample_1138,0.2,0.2,0.2,0,0,0,0,0,0,0
sample_1139,0.2,0.2,0.2,0,0,0,0,0,0,0
sample_1140,0.2,0.2,0.2,0,0,0,0,0,0,0
sample_1141,0.2,0.2,0.2,0,0,0,0,0,0,0
sample_1142,0.2,0.2,0.2,0,0,0,0,0,0,0
sample_1143,0.2,0.2,0.2,0,0,0,0,0,0,0
sample_1144,0.2,0.2,0.2,0,0,0,0,0,0,0
sample_1145,0.2,0.2,0.2,0,0,0,0,0,0,0
sample_1146,0.2,0.2,0.2,0,0,0,0,0,0,0
sample_1147,0.2,0.2,0.2,0,0,0,0,0,0,0
sample_1148,0.2,0.2,0.2,0,0,0,0,0,0,0
sample_1149,0.2,0.2,0.2,0,0,0,0,0,0,0
sample_1150,0.2,0.2,0.2,0,0,0,0,0,0,0
sample_1151,0.2,0.2,0.2,0,0,0,0,0,0,0
sample_1152,0.2,0.2,0.2,0,0,0,0,0,0,0
sample_1153,0.2,0.2,0.2,0,0,0,0,0,0,0
sample_1154,0.2,0.2,0.2,0,0,0,0,0,0,0
sample_1155,0.2,0.2,0.2,0,0,0,0,0,0,0
sample_1156,0.2,0.2,0.2,0,0,0,0,0,0,0
sample_1157,0.2,0.2,0.2,0,0,0,0,0,0,0
sample_1158,0.2,0.2,0.2,0,0,0,0,0,0,0
sample_1159,0.2,0.2,0.2,0,0,0,0,0,0,0
sample_1160,0.2,0.2,0.2,0,0,0,0,0,0,0
sample_1161,0.2,0.2,0.2,0,0,0,0,0,0,0
sample_1162,0.2,0.2,0.2,0,0,0,0,0,0,0
sample_1163,0.2,0.2,0.2,0,0,0,0,0,0,0
sample_1164,0.2,0.2,0.2,0,0,0,0,0,0,0
sample_1165,0.2,0.2,0.2,0,0,0,0,0,0,0
sample_1166,0.2,0.2,0.2,0,0,0,0,0,0,0
sample_1167,0.2,0.2,0.2,0,0,0,0,0,0,0
sample_1168,0.2,0.2,0.2,0,0,0,0,0,0,0
sample_1169,0.2,0.2,0.2,0,0,0,0,0,0,0
sample_1170,0.2,0.2,0.2,0,0,0,0,0,0,0
sample_1171,0.2,0.2,0.2,0,0,0,0,0,0,0
sample_1172,0.2,0.2,0.2,0,0,0,0,0,0,0
sample_1173,0.2,0.2,0.2,0,0,0,0,0,0,0
sample_1174,0.2,0.2,0.2,0,0,0,0,0,0,0
sample_1175,0.2,0.2,0.2,0,0,0,0,0,0,0
sample_1176,0.2,0.2,0.2,0,0,0,0,0,0,0
sample_1177,0.2,0.2,0.2,0,0,0,0,0,0,0
sample_1178,0.2,0.2,0.2,0,0,0,0,0,0,0
sample_1179,0.2,0.2,0.2,0,0,0,0,0,0,0
sample_1180,0.2,0.2,0.2,0,0,0,0,0,0,0
sample_1181,0.2,0.2,0.2,0,0,0,0,0,0,0
sample_1182,0.2,0.2,0.2,0,0,0,0,0,0,0
sample_1183,0.2,0.2,0.2,0,0,0,0,0,0,0
sample_1184,0.2,0.2,0.2,0,0,0,0,0,0,0
sample_1185,0.2,0.2,0.2,0,0,0,0,0,0,0
sample_1186,0.2,0.2,0.2,0,0,0,0,0,0,0
sample_1187,0.2,0.2,0.2,0,0,0,0,0,0,0
sample_1188,0.2,0.2,0.2,0,0,0,0,0,0,0
sample_1189,0.2,0.2,0.2,0,0,0,0,0,0,0
sample_1190,0.2,0.2,0.2,0,0,0,0,0,0,0
sample_1191,0.2,0.2,0.2,0,0,0,0,0,0,0
sample_1192,0.2,0.2,0.2,0,0,0,0,0,0,0
sample_1193,0.2,0.2,0.2,0,0,0,0,0,0,0
sample_1194,0.2,0.2,0.2,0,0,0,0,0,0,0
sample_1195,0.2,0.2,0.2,0,0,0,0,0,0,0
sample_1196,0.2,0.2,0.2,0,0,0,0,0,0,0
sample_1197,0.2,0.2,0.2,0,0,0,0,0,0,0
sample_1198,0.2,0.2,0.2,0,0,0,0,0,0,0
sample_1199,0.2,0.2,0.2,0,0,0,0,0,0,0
sample_1200,0.2,0.2,0.2,0,0,0,0,0,0,0
sample_1201,0.2,0.2,0.2,0,0,0,0,0,0,0
sample_1202,0.2,0.2,0.2,0,0,0,0,0,0,0
sample_1203,0.2,0.2,0.2,0,0,0,0,0,0,0
sample_1204,0.2,0.2,0.2,0,0,0,0,0,0,0
sample_1205,0.2,0.2,0.2,0,0,0,0,0,0,0
sample_1206,0.2,0.2,0.2,0,0,0,0,0,0,0
sample_1207,0.2,0.2,0.2,0,0,0,0,0,0,0
sample_1208,0.2,0.2,0.2,0,0,0,0,0,0,0
sample_1209,0.2,0.2,0.2,0,0,0,0,0,0,0
sample_1210,0.2,0.2,0.2,0,0,0,0,0,0,0
sample_1211,0.2,0.2,0.2,0,0,0,0,0,0,0
sample_1212,0.2,0.2,0.2,0,0,0,0,0,0,0
sample_1213,0.2,0.2,0.2,0,0,0,0,0,0,0
sample_1214,0.2,0.2,0.2,0,0,0,0,0,0,0
sample_1215,0.2,0.2,0.2,0,0,0,0,0,0,0
sample_1216,0.2,0.2,0.2,0,0,0,0,0,0,0
sample_1217,0.2,0.2,0.2,0,0,0,0,0,0,0
sample_1218,0.2,0.2,0.2,0,0,0,0,0,0,0
sample_1219,0.2,0.2,0.2,0,0,0,0,0,0,0
sample_1220,0.2,0.2,0.2,0,0,0,0,0,0,0
sample_1221,0.2,0.2,0.2,0,0,0,0,0,0,0
sample_1222,0.2,0.2,0.2,0,0,0,0,0,0,0
sample_1223,0.2,0.2,0.2,0,0,0,0,0,0,0
sample_1224,0.2,0.2,0.2,0,0,0,0,0,0,0
sample_1225,0.2,0.2,0.2,0,0,0,0,0,0,0
sample_1226,0.2,0.2,0.2,0,0,0,0,0,0,0
sample_1227,0.2,0.2,0.2,0,0,0,0,0,0,0
sample_1228,0.2,0.2,0.2,0,0,0,0,0,0,0
sample_1229,0.2,0.2,0.2,0,0,0,0,0,0,0
sample_1230,0.2,0.2,0.2,0,0,0,0,0,0,0
sample_1231,0.2,0.2,0.2,0,0,0,0,0,0,0
sample_1232,0.2,0.2,0.2,0,0,0,0,0,0,0
sample_1233,0.2,0.2,0.2,0,0,0,0,0,0,0
sample_1234,0.2,0.2,0.2,0,0,0,0,0,0,0
sample_1235,0.2,0.2,0.2,0,0,0,0,0,0,0
sample_1236,0.2,0.2,0.2,0,0,0,0,0,0,0
sample_1237,0.2,0.2,0.2,0,0,0,0,0,0,0
sample_1238,0.2,0.2,0.2,0,0,0,0,0,0,0
sample_1239,0.2,0.2,0.2,0,0,0,0,0,0,0
sample_1240,0.2,0.2,0.2,0,0,0,0,0,0,0
sample_1241,0.2,0.2,0.2,0,0,0,0,0,0,0
sample_1242,0.2,0.2,0.2,0,0,0,0,0,0,0
sample_1243,0.2,0.2,0.2,0,0,0,0,0,0,0
sample_1244,0.2,0.2,0.2,0,0,0,0,0,0,0
sample_1245,0.2,0.2,0.2,0,0,0,0,0,0,0
sample_1246,0.2,0.2,0.2,0,0,0,0,0,0,0
sample_1247,0.2,0.2,0.2,0,0,0,0,0,0,0
sample_1248,0.2,0.2,0.2,0,0,0,0,0,0,0
sample_1249,0.2,0.2,0.2,0,0,0,0,0,0,0
sample_1250,0.2,0.2,0.2,0,0,0,0,0,0,0
sample_1251,0.2,0.2,0.2,0,0,0,0,0,0,0
sample_1252,0.2,0.2,0.2,0,0,0,0,0,0,0
sample_1253,0.2,0.2,0.2,0,0,0,0,0,0,0
sample_1254,0.2,0.2,0.2,0,0,0,0,0,0,0
sample_1255,0.2,0.2,0.2,0,0,0,0,0,0,0
sample_1256,0.2,0.2,0.2,0,0,0,0,0,0,0
sample_1257,0.2,0.2,0.2,0,0,0,0,0,0,0
sample_1258,0.2,0.2,0.2,0,0,0,0,0,0,0
sample_1259,0.2,0.2,0.2,0,0,0,0,0,0,0
sample_1260,0.2,0.2,0.2,0,0,0,0,0,0,0
sample_1261,0.2,0.2,0.2,0,0,0,0,0,0,0
sample_1262,0.2,0.2,0.2,0,0,0,0,0,0,0
sample_1263,0.2,0.2,0.2,0,0,0,0,0,0,0
sample_1264,0.2,0.2,0.2,0,0,0,0,0,0,0
sample_1265,0.2,0.2,0.2,0,0,0,0,0,0,0
sample_1266,0.2,0.2,0.2,0,0,0,0,0,0,0
sample_1267,0.2,0.2,0.2,0,0,0,0,0,0,0
sample_1268,0.2,0.2,0.2,0,0,0,0,0,0,0
sample_1269,0.2,0.2,0.2,0,0,0,0,0,0,0
sample_1270,0.2,0.2,0.2,0,0,0,0,0,0,0
sample_1271,0.2,0.2,0.2,0,0,0,0,0,0,0
sample_1272,0.2,0.2,0.2,0,0,0,0,0,0,0
sample_1273,0.2,0.2,0.2,0,0,0,0,0,0,0
sample_1274,0.2,0.2,0.2,0,0,0,0,0,0,0
sample_1275,0.2,0.2,0.2,0,0,0,0,0,0,0
sample_1276,0.2,0.2,0.2,0,0,0,0,0,0,0
sample_1277,0.2,0.2,0.2,0,0,0,0,0,0,0
sample_1278,0.2,0.2,0.2,0,0,0,0,0,0,0
sample_1279,0.2,0.2,0.2,0,0,0,0,0,0,0
sample_1280,0.2,0.2,0.2,0,0,0,0,0,0,0
sample_1281,0.2,0.2,0.2,0,0,0,0,0,0,0
sample_1282,0.2,0.2,0.2,0,0,0,0,0,0,0
sample_1283,0.2,0.2,0.2,0,0,0,0,0,0,0
sample_1284,0.2,0.2,0.2,0,0,0,0,0,0,0
sample_1285,0.2,0.2,0.2,0,0,0,0,0,0,0
sample_1286,0.2,0.2,0.2,0,0,0,0,0,0,0
sample_1287,0.2,0.2,0.2,0,0,0,0,0,0,0
sample_1288,0.2,0.2,0.2,0,0,0,0,0,0,0
sample_1289,0.2,0.2,0.2,0,0,0,0,0,0,0
sample_1290,0.2,0.2,0.2,0,0,0,0,0,0,0
sample_1291,0.2,0.2,0.2,0,0,0,0,0,0,0
sample_1292,0.2,0.2,0.2,0,0,0,0,0,0,0
sample_1293,0.2,0.2,0.2,0,0,0,0,0,0,0
sample_1294,0.2,0.2,0.2,0,0,0,0,0,0,0
sample_1295,0.2,0.2,0.2,0,0,0,0,0,0,0
sample_1296,0.2,0.2,0.2,0,0,0,0,0,0,0
sample_1297,0.2,0.2,0.2,0,0,0,0,0,0,0
sample_1298,0.2,0.2,0.2,0,0,0,0,0,0,0
sample_1299,0.2,0.2,0.2,0,0,0,0,0,0,0
sample_1300,0.2,0.2,0.2,0,0,0,0,0,0,0
sample_1301,0.2,0.2,0.2,0,0,0,0,0,0,0
sample_1302,0.2,0.2,0.2,0,0,0,0,0,0,0
sample_1303,0.2,0.2,0.2,0,0,0,0,0,0,0
sample_1304,0.2,0.2,0.2,0,0,0,0,0,0,0
sample_1305,0.2,0.2,0.2,0,0,0,0,0,0,0
sample_1306,0.2,0.2,0.2,0,0,0,0,0,0,0
sample_1307,0.2,0.2,0.2,0,0,0,0,0,0,0
sample_1308,0.2,0.2,0.2,0,0,0,0,0,0,0
sample_1309,0.2,0.2,0.2,0,0,0,0,0,0,0
sample_1310,0.2,0.2,0.2,0,0,0,0,0,0,0
sample_1311,0.2,0.2,0.2,0,0,0,0,0,0,0
sample_1312,0.2,0.2,0.2,0,0,0,0,0,0,0
sample_1313,0.2,0.2,0.2,0,0,0,0,0,0,0
sample_1314,0.2,0.2,0.2,0,0,0,0,0,0,0
sample_1315,0.2,0.2,0.2,0,0,0,0,0,0,0
sample_1316,0.2,0.2,0.2,0,0,0,0,0,0,0
sample_1317,0.2,0.2,0.2,0,0,0,0,0,0,0
sample_1318,0.2,0.2,0.2,0,0,0,0,0,0,0
sample_1319,0.2,0.2,0.2,0,0,0,0,0,0,0
sample_1320,0.2,0.2,0.2,0,0,0,0,0,0,0
sample_1321,0.2,0.2,0.2,0,0,0,0,0,0,0
sample_1322,0.2,0.2,0.2,0,0,0,0,0,0,0
sample_1323,0.2,0.2,0.2,0,0,0,0,0,0,0
sample_1324,0.2,0.2,0.2,0,0,0,0,0,0,0
sample_1325,0.2,0.2,0.2,0,0,0,0,0,0,0
sample_1326,0.2,0.2,0.2,0,0,0,0,0,0,0
sample_1327,0.2,0.2,0.2,0,0,0,0,0,0,0
sample_1328,0.2,0.2,0.2,0,0,0,0,0,0,0
sample_1329,0.2,0.2,0.2,0,0,0,0,0,0,0
sample_1330,0.2,0.2,0.2,0,0,0,0,0,0,0
sample_1331,0.2,0.2,0.2,0,0,0,0,0,0,0
sample_1332,0.2,0.2,0.2,0,0,0,0,0,0,0
sample_1333,0.2,0.2,0.2,0,0,0,0,0,0,0
sample_1334,0.2,0.2,0.2,0,0,0,0,0,0,0
sample_1335,0.2,0.2,0.2,0,0,0,0,0,0,0
sample_1336,0.2,0.2,0.2,0,0,0,0,0,0,0
sample_1337,0.2,0.2,0.2,0,0,0,0,0,0,0
sample_1338,0.2,0.2,0.2,0,0,0,0,0,0,0
sample_1339,0.2,0.2,0.2,0,0,0,0,0,0,0
sample_1340,0.2,0.2,0.2,0,0,0,0,0,0,0
sample_1341,0.2,0.2,0.2,0,0,0,0,0,0,0
sample_1342,0.2,0.2,0.2,0,0,0,0,0,0,0
sample_1343,0.2,0.2,0.2,0,0,0,0,0,0,0
sample_1344,0.2,0.2,0.2,0,0,0,0,0,0,0
sample_1345,0.2,0.2,0.2,0,0,0,0,0,0,0
sample_1346,0.2,0.2,0.2,0,0,0,0,0,0,0
sample_1347,0.2,0.2,0.2,0,0,0,0,0,0,0
sample_1348,0.2,0.2,0.2,0,0,0,0,0,0,0
sample_1349,0.2,0.2,0.2,0,0,0,0,0,0,0
sample_1350,0.2,0.2,0.2,0,0,0,0,0,0,0
sample_1351,0.2,0.2,0.2,0,0,0,0,0,0,0
sample_1352,0.2,0.2,0.2,0,0,0,0,0,0,0
sample_1353,0.2,0.2,0.2,0,0,0,0,0,0,0
sample_1354,0.2,0.2,0.2,0,0,0,0,0,0,0
sample_1355,0.2,0.2,0.2,0,0,0,0,0,0,0
sample_1356,0.2,0.2,0.2,0,0,0,0,0,0,0
sample_1357,0.2,0.2,0.2,0,0,0,0,0,0,0
sample_1358,0.2,0.2,0.2,0,0,0,0,0,0,0
sample_1359,0.2,0.2,0.2,0,0,0,0,0,0,0
sample_1360,0.2,0.2,0.2,0,0,0,0,0,0,0
sample_1361,0.2,0.2,0.2,0,0,0,0,0,0,0
sample_1362,0.2,0.2,0.2,0,0,0,0,0,0,0
sample_1363,0.2,0.2,0.2,0,0,0,0,0,0,0
sample_1364,0.2,0.2,0.2,0,0,0,0,0,0,0
sample_1365,0.2,0.2,0.2,0,0,0,0,0,0,0
sample_1366,0.2,0.2,0.2,0,0,0,0,0,0,0
sample_1367,0.2,0.2,0.2,0,0,0,0,0,0,0
sample_1368,0.2,0.2,0.2,0,0,0,0,0,0,0
sample_1369,0.2,0.2,0.2,0,0,0,0,0,0,0
sample_1370,0.2,0.2,0.2,0,0,0,0,0,0,0
sample_1371,0.2,0.2,0.2,0,0,0,0,0,0,0
sample_1372,0.2,0.2,0.2,0,0,0,0,0,0,0
sample_1373,0.2,0.2,0.2,0,0,0,0,0,0,0
sample_1374,0.2,0.2,0.2,0,0,0,0,0,0,0
sample_1375,0.2,0.2,0.2,0,0,0,0,0,0,0
sample_1376,0.2,0.2,0.2,0,0,0,0,0,0,0
sample_1377,0.2,0.2,0.2,0,0,0,0,0,0,0
sample_1378,0.2,0.2,0.2,0,0,0,0,0,0,0
sample_1379,0.2,0.2,0.2,0,0,0,0,0,0,0
sample_1380,0.2,0.2,0.2,0,0,0,0,0,0,0
sample_1381,0.2,0.2,0.2,0,0,0,0,0,0,0
sample_1382,0.2,0.2,0.2,0,0,0,0,0,0,0
sample_1383,0.2,0.2,0.2,0,0,0,0,0,0,0
sample_1384,0.2,0.2,0.2,0,0,0,0,0,0,0
sample_1385,0.2,0.2,0.2,0,0,0,0,0,0,0
sample_1386,0.2,0.2,0.2,0,0,0,0,0,0,0
sample_1387,0.2,0.2,0.2,0,0,0,0,0,0,0
sample_1388,0.2,0.2,0.2,0,0,0,0,0,0,0
sample_1389,0.2,0.2,0.2,0,0,0,0,0,0,0
sample_1390,0.2,0.2,0.2,0,0,0,0,0,0,0
sample_1391,0.2,0.2,0.2,0,0,0,0,0,0,0
sample_1392,0.2,0.2,0.2,0,0,0,0,0,0,0
sample_1393,0.2,0.2,0.2,0,0,0,0,0,0,0
sample_1394,0.2,0.2,0.2,0,0,0,0,0,0,0
sample_1395,0.2,0.2,0.2,0,0,0,0,0,0,0
sample_1396,0.2,0.2,0.2,0,0,0,0,0,0,0
sample_1397,0.2,0.2,0.2,0,0,0,0,0,0,0
sample_1398,0.2,0.2,0.2,0,0,0,0,0,0,0
sample_1399,0.2,0.2,0.2,0,0,0,0,0,0,0
sample_1400,0.2,0.2,0.2,0,0,0,0,0,0,0
sample_1401,0.2,0.2,0.2,0,0,0,0,0,0,0
sample_1402,0.2,0.2,0.2,0,0,0,0,0,0,0
sample_1403,0.2,0.2,0.2,0,0,0,0,0,0,0
sample_1404,0.2,0.2,0.2,0,0,0,0,0,0,0
sample_1405,0.2,0.2,0.2,0,0,0,0,0,0,0
sample_1406,0.2,0.2,0.2,0,0,0,0,0,0,0
sample_1407,0.2,0.2,0.2,0,0,0,0,0,0,0
sample_1408,0.2,0.2,0.2,0,0,0,0,0,0,0
sample_1409,0.2,0.2,0.2,0,0,0,0,0,0,0
sample_1410,0.2,0.2,0.2,0,0,0,0,0,0,0
sample_1411,0.2,0.2,0.2,0,0,0,0,0,0,0
sample_1412,0.2,0.2,0.2,0,0,0,0,0,0,0
sample_1413,0.2,0.2,0.2,0,0,0,0,0,0,0
sample_1414,0.2,0.2,0.2,0,0,0,0,0,0,0
sample_1415,0.2,0.2,0.2,0,0,0,0,0,0,0
sample_1416,0.2,0.2,0.2,0,0,0,0,0,0,0
sample_1417,0.2,0.2,0.2,0,0,0,0,0,0,0
sample_1418,0.2,0.2,0.2,0,0,0,0,0,0,0
sample_1419,0.2,0.2,0.2,0,0,0,0,0,0,0
sample_1420,0.2,0.2,0.2,0,0,0,0,0,0,0
sample_1421,0.2,0.2,0.2,0,0,0,0,0,0,0
sample_1422,0.2,0.2,0.2,0,0,0,0,0,0,0
sample_1423,0.2,0.2,0.2,0,0,0,0,0,0,0
sample_1424,0.2,0.2,0.2,0,0,0,0,0,0,0
sample_1425,0.2,0.2,0.2,0,0,0,0,0,0,0
sample_1426,0.2,0.2,0.2,0,0,0,0,0,0,0
sample_1427,0.2,0.2,0.2,0,0,0,0,0,0,0
sample_1428,0.2,0.2,0.2,0,0,0,0,0,0,0
sample_1429,0.2,0.2,0.2,0,0,0,0,0,0,0
sample_1430,0.2,0.2,0.2,0,0,0,0,0,0,0
sample_1431,0.2,0.2,0.2,0,0,0,0,0,0,0
sample_1432,0.2,0.2,0.2,0,0,0,0,0,0,0
sample_1433,0.2,0.2,0.2,0,0,0,0,0,0,0
sample_1434,0.2,0.2,0.2,0,0,0,0,0,0,0
sample_1435,0.2,0.2,0.2,0,0,0,0,0,0,0
sample_1436,0.2,0.2,0.2,0,0,0,0,0,0,0
sample_1437,0.2,0.2,0.2,0,0,0,0,0,0,0
sample_1438,0.2,0.2,0.2,0,0,0,0,0,0,0
sample_1439,0.2,0.2,0.2,0,0,0,0,0,0,0
sample_1440,0.2,0.2,0.2,0,0,0,0,0,0,0
sample_1441,0.2,0.2,0.2,0,0,0,0,0,0,0
sample_1442,0.2,0.2,0.2,0,0,0,0,0,0,0
sample_1443,0.2,0.2,0.2,0,0,0,0,0,0,0
sample_1444,0.2,0.2,0.2,0,0,0,0,0,0,0
sample_1445,0.2,0.2,0.2,0,0,0,0,0,0,0
sample_1446,0.2,0.2,0.2,0,0,0,0,0,0,0
sample_1447,0.2,0.2,0.2,0,0,0,0,0,0,0
sample_1448,0.2,0.2,0.2,0,0,0,0,0,0,0
sample_1449,0.2,0.2,0.2,0,0,0,0,0,0,0
sample_1450,0.2,0.2,0.2,0,0,0,0,0,0,0
sample_1451,0.2,0.2,0.2,0,0,0,0,0,0,0
sample_1452,0.2,0.2,0.2,0,0,0,0,0,0,0
sample_1453,0.2,0.2,0.2,0,0,0,0,0,0,0
sample_1454,0.2,0.2,0.2,0,0,0,0,0,0,0
sample_1455,0.2,0.2,0.2,0,0,0,0,0,0,0
sample_1456,0.2,0.2,0.2,0,0,0,0,0,0,0
sample_1457,0.2,0.2,0.2,0,0,0,0,0,0,0
sample_1458,0.2,0.2,0.2,0,0,0,0,0,0,0
sample_1459,0.2,0.2,0.2,0,0,0,0,0,0,0
sample_1460,0.2,0.2,0.2,0,0,0,0,0,0,0
sample_1461,0.2,0.2,0.2,0,0,0,0,0,0,0
sample_1462,0.2,0.2,0.2,0,0,0,0,0,0,0
sample_1463,0.2,0.2,0.2,0,0,0,0,0,0,0
sample_1464,0.2,0.2,0.2,0,0,0,0,0,0,0
sample_1465,0.2,0.2,0.2,0,0,0,0,0,0,0
sample_1466,0.2,0.2,0.2,0,0,0,0,0,0,0
sample_1467,0.2,0.2,0.2,0,0,0,0,0,0,0
sample_1468,0.2,0.2,0.2,0,0,0,0,0,0,0
sample_1469,0.2,0.2,0.2,0,0,0,0,0,0,0
sample_1470,0.2,0.2,0.2,0,0,0,0,0,0,0
sample_1471,0.2,0.2,0.2,0,0,0,0,0,0,0
sample_1472,0.2,0.2,0.2,0,0,0,0,0,0,0
sample_1473,0.2,0.2,0.2,0,0,0,0,0,0,0
sample_1474,0.2,0.2,0.2,0,0,0,0,0,0,0
sample_1475,0.2,0.2,0.2,0,0,0,0,0,0,0
sample_1476,0.2,0.2,0.2,0,0,0,0,0,0,0
sample_1477,0.2,0.2,0.2,0,0,0,0,0,0,0
sample_1478,0.2,0.2,0.2,0,0,0,0,0,0,0
sample_1479,0.2,0.2,0.2,0,0,0,0,0,0,0
sample_1480,0.2,0.2,0.2,0,0,0,0,0,0,0
sample_1481,0.2,0.2,0.2,0,0,0,0,0,0,0
sample_1482,0.2,0.2,0.2,0,0,0,0,0,0,0
sample_1483,0.2,0.2,0.2,0,0,0,0,0,0,0
sample_1484,0.2,0.2,0.2,0,0,0,0,0,0,0
sample_1485,0.2,0.2,0.2,0,0,0,0,0,0,0
sample_1486,0.2,0.2,0.2,0,0,0,0,0,0,0
sample_1487,0.2,0.2,0.2,0,0,0,0,0,0,0
sample_1488,0.2,0.2,0.2,0,0,0,0,0,0,0
sample_1489,0.2,0.2,0.2,0,0,0,0,0,0,0
sample_1490,0.2,0.2,0.2,0,0,0,0,0,0,0
sample_1491,0.2,0.2,0.2,0,0,0,0,0,0,0
sample_1492,0.2,0.2,0.2,0,0,0,0,0,0,0
sample_1493,0.2,0.2,0.2,0,0,0,0,0,0,0
sample_1494,0.2,0.2,0.2,0,0,0,0,0,0,0
sample_1495,0.2,0.2,0.2,0,0,0,0,0,0,0
sample_1496,0.2,0.2,0.2,0,0,0,0,0,0,0
sample_1497,0.2,0.2,0.2,0,0,0,0,0,0,0
sample_1498,0.2,0.2,0.2,0,0,0,0,0,0,0
sample_1499,0.2,0.2,0.2,0,0,0,0,0,0,0
sample_1500,0.2,0.2,0.2,0,0,0,0,0,0,0
sample_1501,0.2,0.2,0.2,0,0,0,0,0,0,0
sample_1502,0.2,0.2,0.2,0,0,0,0,0,0,0
sample_1503,0.2,0.2,0.2,0,0,0,0,0,0,0
sample_1504,0.2,0.2,0.2,0,0,0,0,0,0,0
sample_1505,0.2,0.2,0.2,0,0,0,0,0,0,0
sample_1506,0.2,0.2,0.2,0,0,0,0,0,0,0
sample_1507,0.2,0.2,0.2,0,0,0,0,0,0,0
sample_1508,0.2,0.2,0.2,0,0,0,0,0,0,0
sample_1509,0.2,0.2,0.2,0,0,0,0,0,0,0
sample_1510,0.2,0.2,0.2,0,0,0,0,0,0,0
sample_1511,0.2,0.2,0.2,0,0,0,0,0,0,0
sample_1512,0.2,0.2,0.2,0,0,0,0,0,0,0
sample_1513,0.2,0.2,0.2,0,0,0,0,0,0,0
sample_1514,0.2,0.2,0.2,0,0,0,0,0,0,0
sample_1515,0.2,0.2,0.2,0,0,0,0,0,0,0
sample_1516,0.2,0.2,0.2,0,0,0,0,0,0,0
sample_1517,0.2,0.2,0.2,0,0,0,0,0,0,0
sample_1518,0.2,0.2,0.2,0,0,0,0,0,0,0
sample_1519,0.2,0.2,0.2,0,0,0,0,0,0,0
sample_1520,0.2,0.2,0.2,0,0,0,0,0,0,0
sample_1521,0.2,0.2,0.2,0,0,0,0,0,0,0
sample_1522,0.2,0.2,0.2,0,0,0,0,0,0,0
sample_1523,0.2,0.2,0.2,0,0,0,0,0,0,0
sample_1524,0.2,0.2,0.2,0,0,0,0,0,0,0
sample_1525,0.2,0.2,0.2,0,0,0,0,0,0,0
sample_1526,0.2,0.2,0.2,0,0,0,0,0,0,0
sample_1527,0.2,0.2,0.2,0,0,0,0,0,0,0
sample_1528,0.2,0.2,0.2,0,0,0,0,0,0,0
sample_1529,0.2,0.2,0.2,0,0,0,0,0,0,0
sample_1530,0.2,0.2,0.2,0,0,0,0,0,0,0
sample_1531,0.2,0.2,0.2,0,0,0,0,0,0,0
sample_1532,0.2,0.2,0.2,0,0,0,0,0,0,0
sample_1533,0.2,0.2,0.2,0,0,0,0,0,0,0
sample_1534,0.2,0.2,0.2,0,0,0,0,0,0,0
sample_1535,0.2,0.2,0.2,0,0,0,0,0,0,0
sample_1536,0.2,0.2,0.2,0,0,0,0,0,0,0
sample_1537,0.2,0.2,0.2,0,0,0,0,0,0,0
sample_1538,0.2,0.2,0.2,0,0,0,0,0,0,0
sample_1539,0.2,0.2,0.2,0,0,0,0,0,0,0
sample_1540,0.2,0.2,0.2,0,0,0,0,0,0,0
sample_1541,0.2,0.2,0.2,0,0,0,0,0,0,0
sample_1542,0.2,0.2,0.2,0,0,0,0,0,0,0
sample_1543,0.2,0.2,0.2,0,0,0,0,0,0,0
sample_1544,0.2,0.2,0.2,0,0,0,0,0,0,0
sample_1545,0.2,0.2,0.2,0,0,0,0,0,0,0
sample_1546,0.2,0.2,0.2,0,0,0,0,0,0,0
sample_1547,0.2,0.2,0.2,0,0,0,0,0,0,0
sample_1548,0.2,0.2,0.2,0,0,0,0,0,0,0
sample_1549,0.2,0.2,0.2,0,0,0,0,0,0,0
sample_1550,0.2,0.2,0.2,0,0,0,0,0,0,0
sample_1551,0.2,0.2,0.2,0,0,0,0,0,0,0
sample_1552,0.2,0.2,0.2,0,0,0,0,0,0,0
sample_1553,0.2,0.2,0.2,0,0,0,0,0,0,0
sample_1554,0.2,0.2,0.2,0,0,0,0,0,0,0
sample_1555,0.2,0.2,0.2,0,0,0,0,0,0,0
sample_1556,0.2,0.2,0.2,0,0,0,0,0,0,0
sample_1557,0.2,0.2,0.2,0,0,0,0,0,0,0
sample_1558,0.2,0.2,0.2,0,0,0,0,0,0,0
sample_1559,0.2,0.2,0.2,0,0,0,0,0,0,0
sample_1560,0.2,0.2,0.2,0,0,0,0,0,0,0
sample_1561,0.2,0.2,0.2,0,0,0,0,0,0,0
sample_1562,0.2,0.2,0.2,0,0,0,0,0,0,0
sample_1563,0.2,0.2,0.2,0,0,0,0,0,0,0
sample_1564,0.2,0.2,0.2,0,0,0,0,0,0,0
sample_1565,0.2,0.2,0.2,0,0,0,0,0,0,0
sample_1566,0.2,0.2,0.2,0,0,0,0,0,0,0
sample_1567,0.2,0.2,0.2,0,0,0,0,0,0,0
sample_1568,0.2,0.2,0.2,0,0,0,0,0,0,0
sample_1569,0.2,0.2,0.2,0,0,0,0,0,0,0
sample_1570,0.2,0.2,0.2,0,0,0,0,0,0,0
sample_1571,0.2,0.2,0.2,0,0,0,0,0,0,0
sample_1572,0.2,0.2,0.2,0,0,0,0,0,0,0
sample_1573,0.2,0.2,0.2,0,0,0,0,0,0,0
sample_1574,0.2,0.2,0.2,0,0,0,0,0,0,0
sample_1575,0.2,0.2,0.2,0,0,0,0,0,0,0
sample_1576,0.2,0.2,0.2,0,0,0,0,0,0,0
sample_1577,0.2,0.2,0.2,0,0,0,0,0,0,0
sample_1578,0.2,0.2,0.2,0,0,0,0,0,0,0
sample_1579,0.2,0.2,0.2,0,0,0,0,0,0,0
sample_1580,0.2,0.2,0.2,0,0,0,0,0,0,0
sample_1581,0.2,0.2,0.2,0,0,0,0,0,0,0
sample_1582,0.2,0.2,0.2,0,0,0,0,0,0,0
sample_1583,0.2,0.2,0.2,0,0,0,0,0,0,0
sample_1584,0.2,0.2,0.2,0,0,0,0,0,0,0
sample_1585,0.2,0.2,0.2,0,0,0,0,0,0,0
sample_1586,0.2,0.2,0.2,0,0,0,0,0,0,0
sample_1587,0.2,0.2,0.2,0,0,0,0,0,0,0
sample_1588,0.2,0.2,0.2,0,0,0,0,0,0,0
sample_1589,0.2,0.2,0.2,0,0,0,0,0,0,0
sample_1590,0.2,0.2,0.2,0,0,0,0,0,0,0
sample_1591,0.2,0.2,0.2,0,0,0,0,0,0,0
sample_1592,0.2,0.2,0.2,0,0,0,0,0,0,0
sample_1593,0.2,0.2,0.2,0,0,0,0,0,0,0
sample_1594,0.2,0.2,0.2,0,0,0,0,0,0,0
sample_1595,0.2,0.2,0.2,0,0,0,0,0,0,0
sample_1596,0.2,0.2,0.2,0,0,0,0,0,0,0
sample_1597,0.2,0.2,0.2,0,0,0,0,0,0,0
sample_1598,0.2,0.2,0.2,0,0,0,0,0,0,0
sample_1599,0.2,0.2,0.2,0,0,0,0,0,0,0
sample_1600,0.2,0.2,0.2,0,0,0,0,0,0,0
sample_1601,0.2,0.2,0.2,0,0,0,0,0,0,0
sample_1602,0.2,0.2,0.2,0,0,0,0,0,0,0
sample_1603,0.2,0.2,0.2,0,0,0,0,0,0,0
sample_1604,0.2,0.2,0.2,0,0,0,0,0,0,0
sample_1605,0.2,0.2,0.2,0,0,0,0,0,0,0
sample_1606,0.2,0.2,0.2,0,0,0,0,0,0,0
sample_1607,0.2,0.2,0.2,0,0,0,0,0,0,0
sample_1608,0.2,0.2,0.2,0,0,0,0,0,0,0
sample_1609,0.2,0.2,0.2,0,0,0,0,0,0,0
sample_1610,0.2,0.2,0.2,0,0,0,0,0,0,0
sample_1611,0.2,0.2,0.2,0,0,0,0,0,0,0
sample_1612,0.2,0.2,0.2,0,0,0,0,0,0,0
sample_1613,0.2,0.2,0.2,0,0,0,0,0,0,0
sample_1614,0.2,0.2,0.2,0,0,0,0,0,0,0
sample_1615,0.2,0.2,0.2,0,0,0,0,0,0,0
sample_1616,0.2,0.2,0.2,0,0,0,0,0,0,0
sample_1617,0.2,0.2,0.2,0,0,0,0,0,0,0
sample_1618,0.2,0.2,0.2,0,0,0,0,0,0,0
sample_1619,0.2,0.2,0.2,0,0,0,0,0,0,0
sample_1620,0.2,0.2,0.2,0,0,0,0,0,0,0
sample_1621,0.2,0.2,0.2,0,0,0,0,0,0,0
sample_1622,0.2,0.2,0.2,0,0,0,0,0,0,0
sample_1623,0.2,0.2,0.2,0,0,0,0,0,0,0
sample_1624,0.2,0.2,0.2,0,0,0,0,0,0,0
sample_1625,0.2,0.2,0.2,0,0,0,0,0,0,0
sample_1626,0.2,0.2,0.2,0,0,0,0,0,0,0
sample_1627,0.2,0.2,0.2,0,0,0,0,0,0,0
sample_1628,0.2,0.2,0.2,0,0,0,0,0,0,0
sample_1629,0.2,0.2,0.2,0,0,0,0,0,0,0
sample_1630,0.2,0.2,0.2,0,0,0,0,0,0,0
sample_1631,0.2,0.2,0.2,0,0,0,0,0,0,0
sample_1632,0.2,0.2,0.2,0,0,0,0,0,0,0
sample_1633,0.2,0.2,0.2,0,0,0,0,0,0,0
sample_1634,0.2,0.2,0.2,0,0,0,0,0,0,0
sample_1635,0.2,0.2,0.2,0,0,0,0,0,0,0
sample_1636,0.2,0.2,0.2,0,0,0,0,0,0,0
sample_1637,0.2,0.2,0.2,0,0,0,0,0,0,0
sample_1638,0.2,0.2,0.2,0,0,0,0,0,0,0
sample_1639,0.2,0.2,0.2,0,0,0,0,0,0,0
sample_1640,0.2,0.2,0.2,0,0,0,0,0,0,0
sample_1641,0.2,0.2,0.2,0,0,0,0,0,0,0
sample_1642,0.2,0.2,0.2,0,0,0,0,0,0,0
sample_1643,0.2,0.2,0.2,0,0,0,0,0,0,0
sample_1644,0.2,0.2,0.2,0,0,0,0,0,0,0
sample_1645,0.2,0.2,0.2,0,0,0,0,0,0,0
sample_1646,0.2,0.2,0.2,0,0,0,0,0,0,0
sample_1647,0.2,0.2,0.2,0,0,0,0,0,0,0
sample_1648,0.2,0.2,0.2,0,0,0,0,0,0,0
sample_1649,0.2,0.2,0.2,0,0,0,0,0,0,0
sample_1650,0.2,0.2,0.2,0,0,0,0,0,0,0
sample_1651,0.2,0.2,0.2,0,0,0,0,0,0,0
sample_1652,0.2,0.2,0.2,0,0,0,0,0,0,0
sample_1653,0.2,0.2,0.2,0,0,0,0,0,0,0
sample_1654,0.2,0.2,0.2,0,0,0,0,0,0,0
sample_1655,0.2,0.2,0.2,0,0,0,0,0,0,0
sample_1656,0.2,0.2,0.2,0,0,0,0,0,0,0
sample_1657,0.2,0.2,0.2,0,0,0,0,0,0,0
sample_1658,0.2,0.2,0.2,0,0,0,0,0,0,0
sample_1659,0.2,0.2,0.2,0,0,0,0,0,0,0
sample_1660,0.2,0.2,0.2,0,0,0,0,0,0,0
sample_1661,0.2,0.2,0.2,0,0,0,0,0,0,0
sample_1662,0.2,0.2,0.2,0,0,0,0,0,0,0
sample_1663,0.2,0.2,0.2,0,0,0,0,0,0,0
sample_1664,0.2,0.2,0.2,0,0,0,0,0,0,0
sample_1665,0.2,0.2,0.2,0,0,0,0,0,0,0
sample_1666,0.2,0.2,0.2,0,0,0,0,0,0,0
sample_1667,0.2,0.2,0.2,0,0,0,0,0,0,0
sample_1668,0.2,0.2,0.2,0,0,0,0,0,0,0
sample_1669,0.2,0.2,0.2,0,0,0,0,0,0,0
sample_1670,0.2,0.2,0.2,0,0,0,0,0,0,0
sample_1671,0.2,0.2,0.2,0,0,0,0,0,0,0
sample_1672,0.2,0.2,0.2,0,0,0,0,0,0,0
sample_1673,0.2,0.2,0.2,0,0,0,0,0,0,0
sample_1674,0.2,0.2,0.2,0,0,0,0,0,0,0
sample_1675,0.2,0.2,0.2,0,0,0,0,0,0,0
sample_1676,0.2,0.2,0.2,0,0,0,0,0,0,0
sample_1677,0.2,0.2,0.2,0,0,0,0,0,0,0
sample_1678,0.2,0.2,0.2,0,0,0,0,0,0,0
sample_1679,0.2,0.2,0.2,0,0,0,0,0,0,0
sample_1680,0.2,0.2,0.2,0,0,0,0,0,0,0
sample_1681,0.2,0.2,0.2,0,0,0,0,0,0,0
sample_1682,0.2,0.2,0.2,0,0,0,0,0,0,0
sample_1683,0.2,0.2,0.2,0,0,0,0,0,0,0
sample_1684,0.2,0.2,0.2,0,0,0,0,0,0,0
sample_1685,0.2,0.2,0.2,0,0,0,0,0,0,0
sample_1686,0.2,0.2,0.2,0,0,0,0,0,0,0
sample_1687,0.2,0.2,0.2,0,0,0,0,0,0,0
sample_1688,0.2,0.2,0.2,0,0,0,0,0,0,0
sample_1689,0.2,0.2,0.2,0,0,0,0,0,0,0
sample_1690,0.2,0.2,0.2,0,0,0,0,0,0,0
sample_1691,0.2,0.2,0.2,0,0,0,0,0,0,0
sample_1692,0.2,0.2,0.2,0,0,0,0,0,0,0
sample_1693,0.2,0.2,0.2,0,0,0,0,0,0,0
sample_1694,0.2,0.2,0.2,0,0,0,0,0,0,0
sample_1695,0.2,0.2,0.2,0,0,0,0,0,0,0
sample_1696,0.2,0.2,0.2,0,0,0,0,0,0,0
sample_1697,0.2,0.2,0.2,0,0,0,0,0,0,0
sample_1698,0.2,0.2,0.2,0,0,0,0,0,0,0
sample_1699,0.2,0.2,0.2,0,0,0,0,0,0,0
sample_1700,0.2,0.2,0.2,0,0,0,0,0,0,0
sample_1701,0.2,0.2,0.2,0,0,0,0,0,0,0
sample_1702,0.2,0.2,0.2,0,0,0,0,0,0,0
sample_1703,0.2,0.2,0.2,0,0,0,0,0,0,0
sample_1704,0.2,0.2,0.2,0,0,0,0,0,0,0
sample_1705,0.2,0.2,0.2,0,0,0,0,0,0,0
sample_1706,0.2,0.2,0.2,0,0,0,0,0,0,0
sample_1707,0.2,0.2,0.2,0,0,0,0,0,0,0
sample_1708,0.2,0.2,0.2,0,0,0,0,0,0,0
sample_1709,0.2,0.2,0.2,0,0,0,0,0,0,0
sample_1710,0.2,0.2,0.2,0,0,0,0,0,0,0
sample_1711,0.2,0.2,0.2,0,0,0,0,0,0,0
sample_1712,0.2,0.2,0.2,0,0,0,0,0,0,0
sample_1713,0.2,0.2,0.2,0,0,0,0,0,0,0
sample_1714,0.2,0.2,0.2,0,0,0,0,0,0,0
sample_1715,0.2,0.2,0.2,0,0,0,0,0,0,0
sample_1716,0.2,0.2,0.2,0,0,0,0,0,0,0
sample_1717,0.2,0.2,0.2,0,0,0,0,0,0,0
sample_1718,0.2,0.2,0.2,0,0,0,0,0,0,0
sample_1719,0.2,0.2,0.2,0,0,0,0,0,0,0
sample_1720,0.2,0.2,0.2,0,0,0,0,0,0,0
sample_1721,0.2,0.2,0.2,0,0,0,0,0,0,0
sample_1722,0.2,0.2,0.2,0,0,0,0,0,0,0
sample_1723,0.2,0.2,0.2,0,0,0,0,0,0,0
sample_1724,0.2,0.2,0.2,0,0,0,0,0,0,0
sample_1725,0.2,0.2,0.2,0,0,0,0,0,0,0
sample_1726,0.2,0.2,0.2,0,0,0,0,0,0,0
sample_1727,0.2,0.2,0.2,0,0,0,0,0,0,0
sample_1728,0.2,0.2,0.2,0,0,0,0,0,0,0
sample_1729,0.2,0.2,0.2,0,0,0,0,0,0,0
sample_1730,0.2,0.2,0.2,0,0,0,0,0,0,0
sample_1731,0.2,0.2,0.2,0,0,0,0,0,0,0
sample_1732,0.2,0.2,0.2,0,0,0,0,0,0,0
sample_1733,0.2,0.2,0.2,0,0,0,0,0,0,0
sample_1734,0.2,0.2,0.2,0,0,0,0,0,0,0
sample_1735,0.2,0.2,0.2,0,0,0,0,0,0,0
sample_1736,0.2,0.2,0.2,0,0,0,0,0,0,0
sample_1737,0.2,0.2,0.2,0,0,0,0,0,0,0
sample_1738,0.2,0.2,0.2,0,0,0,0,0,0,0
sample_1739,0.2,0.2,0.2,0,0,0,0,0,0,0
sample_1740,0.2,0.2,0.2,0,0,0,0,0,0,0
sample_1741,0.2,0.2,0.2,0,0,0,0,0,0,0
sample_1742,0.2,0.2,0.2,0,0,0,0,0,0,0
sample_1743,0.2,0.2,0.2,0,0,0,0,0,0,0
sample_1744,0.2,0.2,0.2,0,0,0,0,0,0,0
sample_1745,0.2,0.2,0.2,0,0,0,0,0,0,0
sample_1746,0.2,0.2,0.2,0,0,0,0,0,0,0
sample_1747,0.2,0.2,0.2,0,0,0,0,0,0,0
sample_1748,0.2,0.2,0.2,0,0,0,0,0,0,0
sample_1749,0.2,0.2,0.2,0,0,0,0,0,0,0
sample_1750,0.2,0.2,0.2,0,0,0,0,0,0,0
sample_1751,0.2,0.2,0.2,0,0,0,0,0,0,0
sample_1752,0.2,0.2,0.2,0,0,0,0,0,0,0
sample_1753,0.2,0.2,0.2,0,0,0,0,0,0,0
sample_1754,0.2,0.2,0.2,0,0,0,0,0,0,0
sample_1755,0.2,0.2,0.2,0,0,0,0,0,0,0
sample_1756,0.2,0.2,0.2,0,0,0,0,0,0,0
sample_1757,0.2,0.2,0.2,0,0,0,0,0,0,0
sample_1758,0.2,0.2,0.2,0,0,0,0,0,0,0
sample_1759,0.2,0.2,0.2,0,0,0,0,0,0,0
sample_1760,0.2,0.2,0.2,0,0,0,0,0,0,0
sample_1761,0.2,0.2,0.2,0,0,0,0,0,0,0
sample_1762,0.2,0.2,0.2,0,0,0,0,0,0,0
sample_1763,0.2,0.2,0.2,0,0,0,0,0,0,0
sample_1764,0.2,0.2,0.2,0,0,0,0,0,0,0
sample_1765,0.2,0.2,0.2,0,0,0,0,0,0,0
sample_1766,0.2,0.2,0.2,0,0,0,0,0,0,0
sample_1767,0.2,0.2,0.2,0,0,0,0,0,0,0
sample_1768,0.2,0.2,0.2,0,0,0,0,0,0,0
sample_1769,0.2,0.2,0.2,0,0,0,0,0,0,0
sample_1770,0.2,0.2,0.2,0,0,0,0,0,0,0
sample_1771,0.2,0.2,0.2,0,0,0,0,0,0,0
sample_1772,0.2,0.2,0.2,0,0,0,0,0,0,0
sample_1773,0.2,0.2,0.2,0,0,0,0,0,0,0
sample_1774,0.2,0.2,0.2,0,0,0,0,0,0,0
sample_1775,0.2,0.2,0.2,0,0,0,0,0,0,0
sample_1776,0.2,0.2,0.2,0,0,0,0,0,0,0
sample_1777,0.2,0.2,0.2,0,0,0,0,0,0,0
sample_1778,0.2,0.2,0.2,0,0,0,0,0,0,0
sample_1779,0.2,0.2,0.2,0,0,0,0,0,0,0
sample_1780,0.2,0.2,0.2,0,0,0,0,0,0,0
sample_1781,0.2,0.2,0.2,0,0,0,0,0,0,0
sample_1782,0.2,0.2,0.2,0,0,0,0,0,0,0
sample_1783,0.2,0.2,0.2,0,0,0,0,0,0,0
sample_1784,0.2,0.2,0.2,0,0,0,0,0,0,0
sample_1785,0.2,0.2,0.2,0,0,0,0,0,0,0
sample_1786,0.2,0.2,0.2,0,0,0,0,0,0,0
sample_1787,0.2,0.2,0.2,0,0,0,0,0,0,0
sample_1788,0.2,0.2,0.2,0,0,0,0,0,0,0
sample_1789,0.2,0.2,0.2,0,0,0,0,0,0,0
sample_1790,0.2,0.2,0.2,0,0,0,0,0,0,0
sample_1791,0.2,0.2,0.2,0,0,0,0,0,0,0
sample_1792,0.2,0.2,0.2,0,0,0,0,0,0,0
sample_1793,0.2,0.2,0.2,0,0,0,0,0,0,0
sample_1794,0.2,0.2,0.2,0,0,0,0,0,0,0
sample_1795,0.2,0.2,0.2,0,0,0,0,0,0,0
sample_1796,0.2,0.2,0.2,0,0,0,0,0,0,0
sample_1797,0.2,0.2,0.2,0,0,0,0,0,0,0
sample_1798,0.2,0.2,0.2,0,0,0,0,0,0,0
sample_1799,0.2,0.2,0.2,0,0,0,0,0,0,0
sample_1800,0.2,0.2,0.2,0,0,0,0,0,0,0
sample_1801,0.2,0.2,0.2,0,0,0,0,0,0,0
sample_1802,0.2,0.2,0.2,0,0,0,0,0,0,0
sample_1803,0.2,0.2,0.2,0,0,0,0,0,0,0
sample_1804,0.2,0.2,0.2,0,0,0,0,0,0,0
sample_1805,0.2,0.2,0.2,0,0,0,0,0,0,0
sample_1806,0.2,0.2,0.2,0,0,0,0,0,0,0
sample_1807,0.2,0.2,0.2,0,0,0,0,0,0,0
sample_1808,0.2,0.2,0.2,0,0,0,0,0,0,0
sample_1809,0.2,0.2,0.2,0,0,0,0,0,0,0
sample_1810,0.2,0.2,0.2,0,0,0,0,0,0,0
sample_1811,0.2,0.2,0.2,0,0,0,0,0,0,0
sample_1812,0.2,0.2,0.2,0,0,0,0,0,0,0
sample_1813,0.2,0.2,0.2,0,0,0,0,0,0,0
sample_1814,0.2,0.2,0.2,0,0,0,0,0,0,0
sample_1815,0.2,0.2,0.2,0,0,0,0,0,0,0
sample_1816,0.2,0.2,0.2,0,0,0,0,0,0,0
sample_1817,0.2,0.2,0.2,0,0,0,0,0,0,0
sample_1818,0.2,0.2,0.2,0,0,0,0,0,0,0
sample_1819,0.2,0.2,0.2,0,0,0,0,0,0,0
sample_1820,0.2,0.2,0.2,0,0,0,0,0,0,0
sample_1821,0.2,0.2,0.2,0,0,0,0,0,0,0
sample_1822,0.2,0.2,0.2,0,0,0,0,0,0,0
sample_1823,0.2,0.2,0.2,0,0,0,0,0,0,0
sample_1824,0.2,0.2,0.2,0,0,0,0,0,0,0
sample_1825,0.2,0.2,0.2,0,0,0,0,0,0,0
sample_1826,0.2,0.2,0.2,0,0,0,0,0,0,0
sample_1827,0.2,0.2,0.2,0,0,0,0,0,0,0
sample_1828,0.2,0.2,0.2,0,0,0,0,0,0,0
sample_1829,0.2,0.2,0.2,0,0,0,0,0,0,0
sample_1830,0.2,0.2,0.2,0,0,0,0,0,0,0
sample_1831,0.2,0.2,0.2,0,0,0,0,0,0,0
sample_1832,0.2,0.2,0.2,0,0,0,0,0,0,0
sample_1833,0.2,0.2,0.2,0,0,0,0,0,0,0
sample_1834,0.2,0.2,0.2,0,0,0,0,0,0,0
sample_1835,0.2,0.2,0.2,0,0,0,0,0,0,0
sample_1836,0.2,0.2,0.2,0,0,0,0,0,0,0
sample_1837,0.2,0.2,0.2,0,0,0,0,0,0,0
sample_1838,0.2,0.2,0.2,0,0,0,0,0,0,0
sample_1839,0.2,0.2,0.2,0,0,0,0,0,0,0
sample_1840,0.2,0.2,0.2,0,0,0,0,0,0,0
sample_1841,0.2,0.2,0.2,0,0,0,0,0,0,0
sample_1842,0.2,0.2,0.2,0,0,0,0,0,0,0
sample_1843,0.2,0.2,0.2,0,0,0,0,0,0,0
sample_1844,0.2,0.2,0.2,0,0,0,0,0,0,0
sample_1845,0.2,0.2,0.2,0,0,0,0,0,0,0
sample_1846,0.2,0.2,0.2,0,0,0,0,0,0,0
sample_1847,0.2,0.2,0.2,0,0,0,0,0,0,0
sample_1848,0.2,0.2,0.2,0,0,0,0,0,0,0
sample_1849,0.2,0.2,0.2,0,0,0,0,0,0,0
sample_1850,0.2,0.2,0.2,0,0,0,0,0,0,0
sample_1851,0.2,0.2,0.2,0,0,0,0,0,0,0
sample_1852,0.2,0.2,0.2,0,0,0,0,0,0,0
sample_1853,0.2,0.2,0.2,0,0,0,0,0,0,0
sample_1854,0.2,0.2,0.2,0,0,0,0,0,0,0
sample_1855,0.2,0.2,0.2,0,0,0,0,0,0,0
sample_1856,0.2,0.2,0.2,0,0,0,0,0,0,0
sample_1857,0.2,0.2,0.2,0,0,0,0,0,0,0
sample_1858,0.2,0.2,0.2,0,0,0,0,0,0,0
sample_1859,0.2,0.2,0.2,0,0,0,0,0,0,0
sample_1860,0.2,0.2,0.2,0,0,0,0,0,0,0
sample_1861,0.2,0.2,0.2,0,0,0,0,0,0,0
sample_1862,0.2,0.2,0.2,0,0,0,0,0,0,0
sample_1863,0.2,0.2,0.2,0,0,0,0,0,0,0
sample_1864,0.2,0.2,0.2,0,0,0,0,0,0,0
sample_1865,0.2,0.2,0.2,0,0,0,0,0,0,0
sample_1866,0.2,0.2,0.2,0,0,0,0,0,0,0
sample_1867,0.2,0.2,0.2,0,0,0,0,0,0,0
sample_1868,0.2,0.2,0.2,0,0,0,0,0,0,0
sample_1869,0.2,0.2,0.2,0,0,0,0,0,0,0
sample_1870,0.2,0.2,0.2,0,0,0,0,0,0,0
sample_1871,0.2,0.2,0.2,0,0,0,0,0,0,0
sample_1872,0.2,0.2,0.2,0,0,0,0,0,0,0
sample_1873,0.2,0.2,0.2,0,0,0,0,0,0,0
sample_1874,0.2,0.2,0.2,0,0,0,0,0,0,0
sample_1875,0.2,0.2,0.2,0,0,0,0,0,0,0
sample_1876,0.2,0.2,0.2,0,0,0,0,0,0,0
sample_1877,0.2,0.2,0.2,0,0,0,0,0,0,0
sample_1878,0.2,0.2,0.2,0,0,0,0,0,0,0
sample_1879,0.2,0.2,0.2,0,0,0,0,0,0,0
sample_1880,0.2,0.2,0.2,0,0,0,0,0,0,0
sample_1881,0.2,0.2,0.2,0,0,0,0,0,0,0
sample_1882,0.2,0.2,0.2,0,0,0,0,0,0,0
sample_1883,0.2,0.2,0.2,0,0,0,0,0,0,0
sample_1884,0.2,0.2,0.2,0,0,0,0,0,0,0
sample_1885,0.2,0.2,0.2,0,0,0,0,0,0,0
sample_1886,0.2,0.2,0.2,0,0,0,0,0,0,0
sample_1887,0.2,0.2,0.2,0,0,0,0,0,0,0
sample_1888,0.2,0.2,0.2,0,0,0,0,0,0,0
sample_1889,0.2,0.2,0.2,0,0,0,0,0,0,0
sample_1890,0.2,0.2,0.2,0,0,0,0,0,0,0
sample_1891,0.2,0.2,0.2,0,0,0,0,0,0,0
sample_1892,0.2,0.2,0.2,0,0,0,0,0,0,0
sample_1893,0.2,0.2,0.2,0,0,0,0,0,0,0
sample_1894,0.2,0.2,0.2,0,0,0,0,0,0,0
sample_1895,0.2,0.2,0.2,0,0,0,0,0,0,0
sample_1896,0.2,0.2,0.2,0,0,0,0,0,0,0
sample_1897,0.2,0.2,0.2,0,0,0,0,0,0,0
sample_1898,0.2,0.2,0.2,0,0,0,0,0,0,0
sample_1899,0.2,0.2,0.2,0,0,0,0,0,0,0
sample_1900,0.2,0.2,0.2,0,0,0,0,0,0,0
sample_1901,0.2,0.2,0.2,0,0,0,0,0,0,0
sample_1902,0.2,0.2,0.2,0,0,0,0,0,0,0
sample_1903,0.2,0.2,0.2,0,0,0,0,0,0,0
sample_1904,0.2,0.2,0.2,0,0,0,0,0,0,0
sample_1905,0.2,0.2,0.2,0,0,0,0,0,0,0
sample_1906,0.2,0.2,0.2,0,0,0,0,0,0,0
sample_1907,0.2,0.2,0.2,0,0,0,0,0,0,0
sample_1908,0.2,0.2,0.2,0,0,0,0,0,0,0
sample_1909,0.2,0.2,0.2,0,0,0,0,0,0,0
sample_1910,0.2,0.2,0.2,0,0,0,0,0,0,0
sample_1911,0.2,0.2,0.2,0,0,0,0,0,0,0
sample_1912,0.2,0.2,0.2,0,0,0,0,0,0,0
sample_1913,0.2,0.2,0.2,0,0,0,0,0,0,0
sample_1914,0.2,0.2,0.2,0,0,0,0,0,0,0
sample_1915,0.2,0.2,0.2,0,0,0,0,0,0,0
sample_1916,0.2,0.2,0.2,0,0,0,0,0,0,0
sample_1917,0.2,0.2,0.2,0,0,0,0,0,0,0
sample_1918,0.2,0.2,0.2,0,0,0,0,0,0,0
sample_1919,0.2,0.2,0.2,0,0,0,0,0,0,0
sample_1920,0.2,0.2,0.2,0,0,0,0,0,0,0
sample_1921,0.2,0.2,0.2,0,0,0,0,0,0,0
sample_1922,0.2,0.2,0.2,0,0,0,0,0,0,0
sample_1923,0.2,0.2,0.2,0,0,0,0,0,0,0
sample_1924,0.2,0.2,0.2,0,0,0,0,0,0,0
sample_1925,0.2,0.2,0.2,0,0,0,0,0,0,0
sample_1926,0.2,0.2,0.2,0,0,0,0,0,0,0
sample_1927,0.2,0.2,0.2,0,0,0,0,0,0,0
sample_1928,0.2,0.2,0.2,0,0,0,0,0,0,0
sample_1929,0.2,0.2,0.2,0,0,0,0,0,0,0
sample_1930,0.2,0.2,0.2,0,0,0,0,0,0,0
sample_1931,0.2,0.2,0.2,0,0,0,0,0,0,0
sample_1932,0.2,0.2,0.2,0,0,0,0,0,0,0
sample_1933,0.2,0.2,0.2,0,0,0,0,0,0,0
sample_1934,0.2,0.2,0.2,0,0,0,0,0,0,0
sample_1935,0.2,0.2,0.2,0,0,0,0,0,0,0
sample_1936,0.2,0.2,0.2,0,0,0,0,0,0,0
sample_1937,0.2,0.2,0.2,0,0,0,0,0,0,0
sample_1938,0.2,0.2,0.2,0,0,0,0,0,0,0
sample_1939,0.2,0.2,0.2,0,0,0,0,0,0,0
sample_1940,0.2,0.2,0.2,0,0,0,0,0,0,0
sample_1941,0.2,0.2,0.2,0,0,0,0,0,0,0
sample_1942,0.2,0.2,0.2,0,0,0,0,0,0,0
sample_1943,0.2,0.2,0.2,0,0,0,0,0,0,0
sample_1944,0.2,0.2,0.2,0,0,0,0,0,0,0
sample_1945,0.2,0.2,0.2,0,0,0,0,0,0,0
sample_1946,0.2,0.2,0.2,0,0,0,0,0,0,0
sample_1947,0.2,0.2,0.2,0,0,0,0,0,0,0
sample_1948,0.2,0.2,0.2,0,0,0,0,0,0,0
sample_1949,0.2,0.2,0.2,0,0,0,0,0,0,0
sample_1950,0.2,0.2,0.2,0,0,0,0,0,0,0
sample_1951,0.2,0.2,0.2,0,0,0,0,0,0,0
sample_1952,0.2,0.2,0.2,0,0,0,0,0,0,0
sample_1953,0.2,0.2,0.2,0,0,0,0,0,0,0
sample_1954,0.2,0.2,0.2,0,0,0,0,0,0,0
sample_1955,0.2,0.2,0.2,0,0,0,0,0,0,0
sample_1956,0.2,0.2,0.2,0,0,0,0,0,0,0
sample_1957,0.2,0.2,0.2,0,0,0,0,0,0,0
sample_1958,0.2,0.2,0.2,0,0,0,0,0,0,0
sample_1959,0.2,0.2,0.2,0,0,0,0,0,0,0
sample_1960,0.2,0.2,0.2,0,0,0,0,0,0,0
sample_1961,0.2,0.2,0.2,0,0,0,0,0,0,0
sample_1962,0.2,0.2,0.2,0,0,0,0,0,0,0
sample_1963,0.2,0.2,0.2,0,0,0,0,0,0,0
sample_1964,0.2,0.2,0.2,0,0,0,0,0,0,0
sample_1965,0.2,0.2,0.2,0,0,0,0,0,0,0
sample_1966,0.2,0.2,0.2,0,0,0,0,0,0,0
sample_1967,0.2,0.2,0.2,0,0,0,0,0,0,0
sample_1968,0.2,0.2,0.2,0,0,0,0,0,0,0
sample_1969,0.2,0.2,0.2,0,0,0,0,0,0,0
sample_1970,0.2,0.2,0.2,0,0,0,0,0,0,0
sample_1971,0.2,0.2,0.2,0,0,0,0,0,0,0
sample_1972,0.2,0.2,0.2,0,0,0,0,0,0,0
sample_1973,0.2,0.2,0.2,0,0,0,0,0,0,0
sample_1974,0.2,0.2,0.2,0,0,0,0,0,0,0
sample_1975,0.2,0.2,0.2,0,0,0,0,0,0,0
sample_1976,0.2,0.2,0.2,0,0,0,0,0,0,0
sample_1977,0.2,0.2,0.2,0,0,0,0,0,0,0
sample_1978,0.2,0.2,0.2,0,0,0,0,0,0,0
sample_1979,0.2,0.2,0.2,0,0,0,0,0,0,0
sample_1980,0.2,0.2,0.2,0,0,0,0,0,0,0
sample_1981,0.2,0.2,0.2,0,0,0,0,0,0,0
sample_1982,0.2,0.2,0.2,0,0,0,0,0,0,0
sample_1983,0.2,0.2,0.2,0,0,0,0,0,0,0
sample_1984,0.2,0.2,0.2,0,0,0,0,0,0,0
sample_1985,0.2,0.2,0.2,0,0,0,0,0,0,0
sample_1986,0.2,0.2,0.2,0,0,0,0,0,0,0
sample_1987,0.2,0.2,0.2,0,0,0,0,0,0,0
sample_1988,0.2,0.2,0.2,0,0,0,0,0,0,0
sample_1989,0.2,0.2,0.2,0,0,0,0,0,0,0
sample_1990,0.2,0.2,0.2,0,0,0,0,0,0,0
sample_1991,0.2,0.2,0.2,0,0,0,0,0,0,0
sample_1992,0.2,0.2,0.2,0,0,0,0,0,0,0
sample_1993,0.2,0.2,0.2,0,0,0,0,0,0,0
sample_1994,0.2,0.2,0.2,0,0,0,0,0,0,0
sample_1995,0.2,0.2,0.2,0,0,0,0,0,0,0
sample_1996,0.2,0.2,0.2,0,0,0,0,0,0,0
sample_1997,0.2,0.2,0.2,0,0,0,0,0,0,0
sample_1998,0.2,0.2,0.2,0,0,0,0,0,0,0
sample_1999,0.2,0.2,0.2,0,0,0,0,0,0,0
sample_2000,0.2,0.2,0.2,0,0,0,0,0,0,0
sample_2001,0.2,0.2,0.2,0,0,0,0,0,0,0
sample_2002,0.2,0.2,0.2,0,0,0,0,0,0,0
sample_2003,0.2,0.2,0.2,0,0,0,0,0,0,0
sample_2004,0.2,0.2,0.2,0,0,0,0,0,0,0
sample_2005,0.2,0.2,0.2,0,0,0,0,0,0,0
sample_2006,0.2,0.2,0.2,0,0,0,0,0,0,0
sample_2007,0.2,0.2,0.2,0,0,0,0,0,0,0
sample_2008,0.2,0.2,0.2,0,0,0,0,0,0,0
sample_2009,0.2,0.2,0.2,0,0,0,0,0,0,0
sample_2010,0.2,0.2,0.2,0,0,0,0,0,0,0
sample_2011,0.2,0.2,0.2,0,0,0,0,0,0,0
sample_2012,0.2,0.2,0.2,0,0,0,0,0,0,0
sample_2013,0.2,0.2,0.2,0,0,0,0,0,0,0
sample_2014,0.2,0.2,0.2,0,0,0,0,0,0,0
sample_2015,0.2,0.2,0.2,0,0,0,0,0,0,0
sample_2016,0.2,0.2,0.2,0,0,0,0,0,0,0
sample_2017,0.2,0.2,0.2,0,0,0,0,0,0,0
sample_2018,0.2,0.2,0.2,0,0,0,0,0,0,0
sample_2019,0.2,0.2,0.2,0,0,0,0,0,0,0
sample_2020,0.2,0.2,0.2,0,0,0,0,0,0,0
sample_2021,0.2,0.2,0.2,0,0,0,0,0,0,0
sample_2022,0.2,0.2,0.2,0,0,0,0,0,0,0
sample_2023,0.2,0.2,0.2,0,0,0,0,0,0,0
sample_2024,0.2,0.2,0.2,0,0,0,0,0,0,0
sample_2025,0.2,0.2,0.2,0,0,0,0,0,0,0
sample_2026,0.2,0.2,0.2,0,0,0,0,0,0,0
sample_2027,0.2,0.2,0.2,0,0,0,0,0,0,0
sample_2028,0.2,0.2,0.2,0,0,0,0,0,0,0
sample_2029,0.2,0.2,0.2,0,0,0,0,0,0,0
sample_2030,0.2,0.2,0.2,0,0,0,0,0,0,0
sample_2031,0.2,0.2,0.2,0,0,0,0,0,0,0
sample_2032,0.2,0.2,0.2,0,0,0,0,0,0,0
sample_2033,0.2,0.2,0.2,0,0,0,0,0,0,0
sample_2034,0.2,0.2,0.2,0,0,0,0,0,0,0
sample_2035,0.2,0.2,0.2,0,0,0,0,0,0,0
sample_2036,0.2,0.2,0.2,0,0,0,0,0,0,0
sample_2037,0.2,0.2,0.2,0,0,0,0,0,0,0
sample_2038,0.2,0.2,0.2,0,0,0,0,0,0,0
sample_2039,0.2,0.2,0.2,0,0,0,0,0,0,0
sample_2040,0.2,0.2,0.2,0,0,0,0,0,0,0
sample_2041,0.2,0.2,0.2,0,0,0,0,0,0,0
sample_2042,0.2,0.2,0.2,0,0,0,0,0,0,0
sample_2043,0.2,0.2,0.2,0,0,0,0,0,0,0
sample_2044,0.2,0.2,0.2,0,0,0,0,0,0,0
sample_2045,0.2,0.2,0.2,0,0,0,0,0,0,0
sample_2046,0.2,0.2,0.2,0,0,0,0,0,0,0
sample_2047,0.2,0.2,0.2,0,0,0,0,0,0,0
sample_2048,0.2,0.2,0.2,0,0,0,0,0,0,0
sample_2049,0.2,0.2,0.2,0,0,0,0,0,0,0
sample_2050,0.2,0.2,0.2,0,0,0,0,0,0,0
sample_2051,0.2,0.2,0.2,0,0,0,0,0,0,0
sample_2052,0.2,0.2,0.2,0,0,0,0,0,0,0
sample_2053,0.2,0.2,0.2,0,0,0,0,0,0,0
sample_2054,0.2,0.2,0.2,0,0,0,0,0,0,0
sample_2055,0.2,0.2,0.2,0,0,0,0,0,0,0
sample_2056,0.2,0.2,0.2,0,0,0,0,0,0,0
sample_2057,0.2,0.2,0.2,0,0,0,0,0,0,0
sample_2058,0.2,0.2,0.2,0,0,0,0,0,0,0
sample_2059,0.2,0.2,0.2,0,0,0,0,0,0,0
sample_2060,0.2,0.2,0.2,0,0,0,0,0,0,0
sample_2061,0.2,0.2,0.2,0,0,0,0,0,0,0
sample_2062,0.2,0.2,0.2,0,0,0,0,0,0,0
sample_2063,0.2,0.2,0.2,0,0,0,0,0,0,0
sample_2064,0.2,0.2,0.2,0,0,0,0,0,0,0
sample_2065,0.2,0.2,0.2,0,0,0,0,0,0,0
sample_2066,0.2,0.2,0.2,0,0,0,0,0,0,0
sample_2067,0.2,0.2,0.2,0,0,0,0,0,0,0
sample_2068,0.2,0.2,0.2,0,0,0,0,0,0,0
sample_2069,0.2,0.2,0.2,0,0,0,0,0,0,0
sample_2070,0.2,0.2,0.2,0,0,0,0,0,0,0
sample_2071,0.2,0.2,0.2,0,0,0,0,0,0,0
sample_2072,0.2,0.2,0.2,0,0,0,0,0,0,0
sample_2073,0.2,0.2,0.2,0,0,0,0,0,0,0
sample_2074,0.2,0.2,0.2,0,0,0,0,0,0,0
sample_2075,0.2,0.2,0.2,0,0,0,0,0,0,0
sample_2076,0.2,0.2,0.2,0,0,0,0,0,0,0
sample_2077,0.2,0.2,0.2,0,0,0,0,0,0,0
sample_2078,0.2,0.2,0.2,0,0,0,0,0,0,0
sample_2079,0.2,0.2,0.2,0,0,0,0,0,0,0
sample_2080,0.2,0.2,0.2,0,0,0,0,0,0,0
sample_2081,0.2,0.2,0.2,0,0,0,0,0,0,0
sample_2082,0.2,0.2,0.2,0,0,0,0,0,0,0
sample_2083,0.2,0.2,0.2,0,0,0,0,0,0,0
sample_2084,0.2,0.2,0.2,0,0,0,0,0,0,0
sample_2085,0.2,0.2,0.2,0,0,0,0,0,0,0
sample_2086,0.2,0.2,0.2,0,0,0,0,0,0,0
sample_2087,0.2,0.2,0.2,0,0,0,0,0,0,0
sample_2088,0.2,0.2,0.2,0,0,0,0,0,0,0
sample_2089,0.2,0.2,0.2,0,0,0,0,0,0,0
sample_2090,0.2,0.2,0.2,0,0,0,0,0,0,0
sample_2091,0.2,0.2,0.2,0,0,0,0,0,0,0
sample_2092,0.2,0.2,0.2,0,0,0,0,0,0,0
sample_2093,0.2,0.2,0.2,0,0,0,0,0,0,0
sample_2094,0.2,0.2,0.2,0,0,0,0,0,0,0
sample_2095,0.2,0.2,0.2,0,0,0,0,0,0,0
sample_2096,0.2,0.2,0.2,0,0,0,0,0,0,0
sample_2097,0.2,0.2,0.2,0,0,0,0,0,0,0
sample_2098,0.2,0.2,0.2,0,0,0,0,0,0,0
sample_2099,0.2,0.2,0.2,0,0,0,0,0,0,0
sample_2100,0.2,0.2,0.2,0,0,0,0,0,0,0
sample_2101,0.2,0.2,0.2,0,0,0,0,0,0,0
sample_2102,0.2,0.2,0.2,0,0,0,0,0,0,0
sample_2103,0.2,0.2,0.2,0,0,0,0,0,0,0
sample_2104,0.2,0.2,0.2,0,0,0,0,0,0,0
sample_2105,0.2,0.2,0.2,0,0,0,0,0,0,0
sample_2106,0.2,0.2,0.2,0,0,0,0,0,0,0
sample_2107,0.2,0.2,0.2,0,0,0,0,0,0,0
sample_2108,0.2,0.2,0.2,0,0,0,0,0,0,0
sample_2109,0.2,0.2,0.2,0,0,0,0,0,0,0
sample_2110,0.2,0.2,0.2,0,0,0,0,0,0,0
sample_2111,0.2,0.2,0.2,0,0,0,0,0,0,0
sample_2112,0.2,0.2,0.2,0,0,0,0,0,0,0
sample_2113,0.2,0.2,0.2,0,0,0,0,0,0,0
sample_2114,0.2,0.2,0.2,0,0,0,0,0,0,0
sample_2115,0.2,0.2,0.2,0,0,0,0,0,0,0
sample_2116,0.2,0.2,0.2,0,0,0,0,0,0,0
sample_2117,0.2,0.2,0.2,0,0,0,0,0,0,0
sample_2118,0.2,0.2,0.2,0,0,0,0,0,0,0
sample_2119,0.2,0.2,0.2,0,0,0,0,0,0,0
sample_2120,0.2,0.2,0.2,0,0,0,0,0,0,0
sample_2121,0.2,0.2,0.2,0,0,0,0,0,0,0
sample_2122,0.2,0.2,0.2,0,0,0,0,0,0,0
sample_2123,0.2,0.2,0.2,0,0,0,0,0,0,0
sample_2124,0.2,0.2,0.2,0,0,0,0,0,0,0
sample_2125,0.2,0.2,0.2,0,0,0,0,0,0,0
sample_2126,0.2,0.2,0.2,0,0,0,0,0,0,0
sample_2127,0.2,0.2,0.2,0,0,0,0,0,0,0
sample_2128,0.2,0.2,0.2,0,0,0,0,0,0,0
sample_2129,0.2,0.2,0.2,0,0,0,0,0,0,0
sample_2130,0.2,0.2,0.2,0,0,0,0,0,0,0
sample_2131,0.2,0.2,0.2,0,0,0,0,0,0,0
sample_2132,0.2,0.2,0.2,0,0,0,0,0,0,0
sample_2133,0.2,0.2,0.2,0,0,0,0,0,0,0
sample_2134,0.2,0.2,0.2,0,0,0,0,0,0,0
sample_2135,0.2,0.2,0.2,0,0,0,0,0,0,0
sample_2136,0.2,0.2,0.2,0,0,0,0,0,0,0
sample_2137,0.2,0.2,0.2,0,0,0,0,0,0,0
sample_2138,0.2,0.2,0.2,0,0,0,0,0,0,0
sample_2139,0.2,0.2,0.2,0,0,0,0,0,0,0
sample_2140,0.2,0.2,0.2,0,0,0,0,0,0,0
sample_2141,0.2,0.2,0.2,0,0,0,0,0,0,0
sample_2142,0.2,0.2,0.2,0,0,0,0,0,0,0
sample_2143,0.2,0.2,0.2,0,0,0,0,0,0,0
sample_2144,0.2,0.2,0.2,0,0,0,0,0,0,0
sample_2145,0.2,0.2,0.2,0,0,0,0,0,0,0
sample_2146,0.2,0.2,0.2,0,0,0,0,0,0,0
sample_2147,0.2,0.2,0.2,0,0,0,0,0,0,0
sample_2148,0.2,0.2,0.2,0,0,0,0,0,0,0
sample_2149,0.2,0.2,0.2,0,0,0,0,0,0,0
sample_2150,0.2,0.2,0.2,0,0,0,0,0,0,0
sample_2151,0.2,0.2,0.2,0,0,0,0,0,0,0
sample_2152,0.2,0.2,0.2,0,0,0,0,0,0,0
sample_2153,0.2,0.2,0.2,0,0,0,0,0,0,0
sample_2154,0.2,0.2,0.2,0,0,0,0,0,0,0
sample_2155,0.2,0.2,0.2,0,0,0,0,0,0,0
sample_2156,0.2,0.2,0.2,0,0,0,0,0,0,0
sample_2157,0.2,0.2,0.2,0,0,0,0,0,0,0
sample_2158,0.2,0.2,0.2,0,0,0,0,0,0,0
sample_2159,0.2,0.2,0.2,0,0,0,0,0,0,0
sample_2160,0.2,0.2,0.2,0,0,0,0,0,0,0
sample_2161,0.2,0.2,0.2,0,0,0,0,0,0,0
sample_2162,0.2,0.2,0.2,0,0,0,0,0,0,0
sample_2163,0.2,0.2,0.2,0,0,0,0,0,0,0
sample_2164,0.2,0.2,0.2,0,0,0,0,0,0,0
sample_2165,0.2,0.2,0.2,0,0,0,0,0,0,0
sample_2166,0.2,0.2,0.2,0,0,0,0,0,0,0
sample_2167,0.2,0.2,0.2,0,0,0,0,0,0,0
sample_2168,0.2,0.2,0.2,0,0,0,0,0,0,0
sample_2169,0.2,0.2,0.2,0,0,0,0,0,0,0
sample_2170,0.2,0.2,0.2,0,0,0,0,0,0,0
sample_2171,0.2,0.2,0.2,0,0,0,0,0,0,0
sample_2172,0.2,0.2,0.2,0,0,0,0,0,0,0
sample_2173,0.2,0.2,0.2,0,0,0,0,0,0,0
sample_2174,0.2,0.2,0.2,0,0,0,0,0,0,0
sample_2175,0.2,0.2,0.2,0,0,0,0,0,0,0
sample_2176,0.2,0.2,0.2,0,0,0,0,0,0,0
sample_2177,0.2,0.2,0.2,0,0,0,0,0,0,0
sample_2178,0.2,0.2,0.2,0,0,0,0,0,0,0
sample_2179,0.2,0.2,0.2,0,0,0,0,0,0,0
sample_2180,0.2,0.2,0.2,0,0,0,0,0,0,0
sample_2181,0.2,0.2,0.2,0,0,0,0,0,0,0
sample_2182,0.2,0.2,0.2,0,0,0,0,0,0,0
sample_2183,0.2,0.2,0.2,0,0,0,0,0,0,0
sample_2184,0.2,0.2,0.2,0,0,0,0,0,0,0
sample_2185,0.2,0.2,0.2,0,0,0,0,0,0,0
sample_2186,0.2,0.2,0.2,0,0,0,0,0,0,0
sample_2187,0.2,0.2,0.2,0,0,0,0,0,0,0
sample_2188,0.2,0.2,0.2,0,0,0,0,0,0,0
sample_2189,0.2,0.2,0.2,0,0,0,0,0,0,0
sample_2190,0.2,0.2,0.2,0,0,0,0,0,0,0
sample_2191,0.2,0.2,0.2,0,0,0,0,0,0,0
sample_2192,0.2,0.2,0.2,0,0,0,0,0,0,0
sample_2193,0.2,0.2,0.2,0,0,0,0,0,0,0
sample_2194,0.2,0.2,0.2,0,0,0,0,0,0,0
sample_2195,0.2,0.2,0.2,0,0,0,0,0,0,0
sample_2196,0.2,0.2,0.2,0,0,0,0,0,0,0
sample_2197,0.2,0.2,0.2,0,0,0,0,0,0,0
sample_2198,0.2,0.2,0.2,0,0,0,0,0,0,0
sample_2199,0.2,0.2,0.2,0,0,0,0,0,0,0
sample_2200,0.2,0.2,0.2,0,0,0,0,0,0,0
sample_2201,0.2,0.2,0.2,0,0,0,0,0,0,0
sample_2202,0.2,0.2,0.2,0,0,0,0,0,0,0
sample_2203,0.2,0.2,0.2,0,0,0,0,0,0,0
sample_2204,0.2,0.2,0.2,0,0,0,0,0,0,0
sample_2205,0.2,0.2,0.2,0,0,0,0,0,0,0
sample_2206,0.2,0.2,0.2,0,0,0,0,0,0,0
sample_2207,0.2,0.2,0.2,0,0,0,0,0,0,0
sample_2208,0.2,0.2,0.2,0,0,0,0,0,0,0
sample_2209,0.2,0.2,0.2,0,0,0,0,0,0,0
sample_2210,0.2,0.2,0.2,0,0,0,0,0,0,0
sample_2211,0.2,0.2,0.2,0,0,0,0,0,0,0
sample_2212,0.2,0.2,0.2,0,0,0,0,0,0,0
sample_2213,0.2,0.2,0.2,0,0,0,0,0,0,0
sample_2214,0.2,0.2,0.2,0,0,0,0,0,0,0
sample_2215,0.2,0.2,0.2,0,0,0,0,0,0,0
sample_2216,0.2,0.2,0.2,0,0,0,0,0,0,0
sample_2217,0.2,0.2,0.2,0,0,0,0,0,0,0
sample_2218,0.2,0.2,0.2,0,0,0,0,0,0,0
sample_2219,0.2,0.2,0.2,0,0,0,0,0,0,0
sample_2220,0.2,0.2,0.2,0,0,0,0,0,0,0
sample_2221,0.2,0.2,0.2,0,0,0,0,0,0,0
sample_2222,0.2,0.2,0.2,0,0,0,0,0,0,0
sample_2223,0.2,0.2,0.2,0,0,0,0,0,0,0
sample_2224,0.2,0.2,0.2,0,0,0,0,0,0,0
sample_2225,0.2,0.2,0.2,0,0,0,0,0,0,0
sample_2226,0.2,0.2,0.2,0,0,0,0,0,0,0
sample_2227,0.2,0.2,0.2,0,0,0,0,0,0,0
sample_2228,0.2,0.2,0.2,0,0,0,0,0,0,0
sample_2229,0.2,0.2,0.2,0,0,0,0,0,0,0
sample_2230,0.2,0.2,0.2,0,0,0,0,0,0,0
sample_2231,0.2,0.2,0.2,0,0,0,0,0,0,0
sample_2232,0.2,0.2,0.2,0,0,0,0,0,0,0
sample_2233,0.2,0.2,0.2,0,0,0,0,0,0,0
sample_2234,0.2,0.2,0.2,0,0,0,0,0,0,0
sample_2235,0.2,0.2,0.2,0,0,0,0,0,0,0
sample_2236,0.2,0.2,0.2,0,0,0,0,0,0,0
sample_2237,0.2,0.2,0.2,0,0,0,0,0,0,0
sample_2238,0.2,0.2,0.2,0,0,0,0,0,0,0
sample_2239,0.2,0.2,0.2,0,0,0,0,0,0,0
sample_2240,0.2,0.2,0.2,0,0,0,0,0,0,0
sample_2241,0.2,0.2,0.2,0,0,0,0,0,0,0
sample_2242,0.2,0.2,0.2,0,0,0,0,0,0,0
sample_2243,0.2,0.2,0.2,0,0,0,0,0,0,0
sample_2244,0.2,0.2,0.2,0,0,0,0,0,0,0
sample_2245,0.2,0.2,0.2,0,0,0,0,0,0,0
sample_2246,0.2,0.2,0.2,0,0,0,0,0,0,0
sample_2247,0.2,0.2,0.2,0,0,0,0,0,0,0
sample_2248,0.2,0.2,0.2,0,0,0,0,0,0,0
sample_2249,0.2,0.2,0.2,0,0,0,0,0,0,0
sample_2250,0.2,0.2,0.2,0,0,0,0,0,0,0
